key_a,val1_a,val2_a
46,-0.25462621273584407,-0.9560532302455202
5,0.3134967140070084,0.4893877326073025
63,0.9664155888608127,-0.33830888790419417
10,0.434947901120303,-2.1391244512662637
92,0.4952960191883045,0.3989221499872681
83,-0.21270616143898938,0.31142159184712914
46,-1.5861868757658921,-0.15756443900830003
51,0.42101218273723967,1.2853423319054
71,-0.8592204973122141,0.1613152480691867
30,-0.20859809798534515,-0.5783951083443718
70,1.4890676861945662,-2.070416388170317
16,-2.072505234213562,0.7570014205660784
69,-0.27254189655693734,1.6969873071266837
82,-0.8083676478170034,-0.6482678706108124
63,-0.33138760422919294,-0.524044074582135
43,0.26397786805191825,-0.8434133702503341
26,-0.7676966699749354,1.7994840729843466
34,-1.0657242820659016,-1.5264512701759256
1,-1.9913650816247348,-0.7342171979070842
85,1.5550346002705298,-0.7981180483524616
98,0.2882657609298462,2.266173648095946
61,0.07296050481773948,1.3957280228215423
99,1.4695322861388955,0.6743346821705765
57,0.6584627095232347,0.8492879060583689
57,1.332096227399443,-0.09091360214116449
68,-1.2754189705001417,-0.8858885770804422
32,1.4828546223185923,1.011351475870794
30,-0.2490701279621026,0.03668177232161208
72,0.05054571076815889,-0.19691129596588663
75,0.39580227791419975,0.7127003940166697
7,-0.1989263878375086,-1.5248757460241251
66,-0.9347361485371029,1.2669062376679818
76,0.034663684471708776,-0.2835058641481644
14,1.2515751050602737,0.36567894851504495
53,-0.7640792882453166,-0.6364350639295296
8,0.1263850808874197,-0.6056181070342203
12,-0.7003656088451515,0.518235390681615
83,-1.623942409576568,1.075143336285509
24,0.5439918596076517,0.2276951951998405
47,-0.11248252927602836,-1.0994233630808588
20,-2.1187904166171045,0.5850800965662635
49,0.550775422825828,0.981958056916793
58,-0.395661973907964,1.0821370676767583
60,-0.04307287714823786,0.7068237049320929
95,-0.1740731801805719,-0.24582265963334426
33,0.5558313945961542,0.2796778837437735
10,0.18227402595304165,-0.5898115923430943
7,1.7789280682469013,0.572030564014444
51,-0.7636101779104252,0.7686270276573732
64,-0.13166500106549478,-0.2798484035765503
79,-1.5758250389290707,0.07619032963459212
31,-1.5546468081096183,0.3862938474906837
37,-1.8368809235359034,0.5053000087444572
92,-0.136270038214772,0.10201340872808005
80,0.18107762893459575,0.5775680051626169
24,-0.31814174793347333,-2.2536288312631956
55,-1.1081219025096372,-0.6789565710024945
23,-1.169438426432957,1.4993404469558564
94,0.18751899876364939,-0.5296370942095739
67,-0.6213614634412348,0.02028488197360918
59,1.1625307813821697,0.03419949065829215
2,-0.9232602353780833,0.4027409051110841
40,-1.7724633569587671,-0.766593686153703
96,-0.4797856778338915,1.2389150938528237
96,0.04591895816290209,0.1815060340135636
19,0.6103641605437277,-2.117760933746696
20,0.47864145440703765,-1.1534470759551634
75,0.4614633988887992,1.1640040620822294
90,0.23040509094198325,0.6407409941497737
56,-0.7549516350855486,-1.529192908418316
50,-0.17953129332783177,1.9537269972130393
79,-1.2797849152193697,-1.412997568942517
36,1.163811923461656,-1.871899305003066
83,0.9900588211835731,-0.7379424660794647
43,1.2841395043975838,3.3880150280127594
72,-0.7523647790435811,0.3239064083952847
33,-1.3758903710892438,0.2935384246230186
52,-1.442717402865119,1.1163410365836373
43,-1.6137521119587634,-0.3977673627237763
79,-0.18393816068201135,-0.8094835670176922
75,-0.9311682407410715,-1.2712240165471587
92,0.7393942002741057,-2.265016991651357
22,-0.16948569522414803,-1.466504319498613
77,-0.3789934910444895,-0.4018709750371741
72,-0.502285777250377,0.9271931225648383
15,0.7359524649790297,0.7130751566428858
42,1.8773826238016038,-0.43346785056390413
40,-0.08766491486759428,1.3447030700429756
63,0.30095187914783034,0.23903059000191432
38,0.05422817820707467,-1.381377908351285
19,1.2083049575809766,-2.0041044825012047
67,0.7977040815663927,0.2648739158521006
67,0.726835715151423,-0.8033978655225704
91,-0.4041963217193091,0.19441751085107753
88,-2.3953777812347594,-0.8931093496208842
5,0.48442611674952596,0.9100671022121047
78,0.4037902172863183,-0.8098023069580677
98,0.9118112104408748,1.878789860527019
4,1.0587354628095045,0.9191919892837331
1,-0.7322911537715919,-0.299773939036199
94,-0.5108347203222141,1.4616221751050067
45,-1.3713303943023514,-0.552563345795835
66,-1.0150554480949658,-0.13956211616097947
92,1.5158673009983772,0.16311199203265928
26,-0.8250240404209956,1.5187626778173366
17,-1.0476444146339081,-0.5247140319038543
7,0.13617623281718208,0.8966052419947128
62,-1.2211102859991587,0.2538389180539368
76,-1.191303753763688,0.2969507185656957
39,0.38326743308432354,-0.10942644944831015
80,-1.2935749244368644,0.9191511821826454
12,0.15523227864768585,-0.24239139175215127
78,-1.1399440180623321,-1.1398922161197123
31,0.6360851348181975,-0.6959358124146382
90,0.4144069296619487,0.6332395793893936
38,-0.7094893572872583,-2.5669452345412247
26,1.0157066228778622,-1.0379831398988262
72,0.0020963624850151566,0.38076787773323223
92,0.6524909718515705,-2.0668582405289966
35,-1.2924171459146996,-1.2021399327874849
62,1.5872989417101129,0.39886799683881957
50,-0.8977929089006395,0.3641932935484584
21,0.10336302654538974,1.6382830959089592
80,-0.51233045502135,2.552917563268331
32,-0.2594474578630025,-0.49385398601840974
39,2.936478022801932,-0.1407451052436229
69,-0.7947896313258477,1.618615224948372
13,-0.2593339713864375,0.6765020952455035
80,0.11813294295768054,-0.9846141456405054
58,1.1855044710388136,0.2791298882173359
92,0.4419237559015233,-0.9860125051756018
66,-0.8869118512269324,1.266252989990138
4,-0.5651848040418895,-0.3743984878951485
56,0.19280688021404,-1.2332147256473134
68,-1.6493801786838629,0.27578532049836213
63,1.3355020435638423,-0.012541622928257702
62,0.2572392312487471,-0.5436195082215562
42,-0.03382489097347515,-0.05455937541301868
20,-0.436786816712003,0.5207422824087055
88,2.3199865170197236,-1.4523547322809935
51,0.13717524351629246,-1.136452135829767
97,0.3861087735396104,0.41801145774494297
85,0.5007304079340691,-1.2446048041367495
46,-1.0965804825926972,1.2383564317802214
35,1.4157455790931042,1.1776491626291845
64,0.9877748314728185,0.06748236411121582
13,0.7848891165191478,-0.3808090368309156
5,-0.11024187744317171,-0.29143592340479096
79,0.20013208791481463,0.7981865260791335
28,-0.2217416749559236,-0.15827450442658214
12,-1.6905104206427977,1.4741686027217809
78,-1.942014039314053,-1.227336470527612
10,-0.07009643894602927,-0.11478798133695066
21,-0.8692276610234109,0.4203770413714675
94,0.16984634029394632,0.4872735065833719
64,1.4644247655184177,2.1380733894294535
42,-1.0620590023273169,0.5600722296487473
72,-1.1783800977225,0.5836398616188785
96,-0.29450129811440384,-1.6330866390943122
30,0.41193281554098143,-1.0901121738768231
56,-0.9558324542324927,0.42283629049238397
28,0.44155809346010616,0.30996792371068926
39,0.0467497931292682,1.7707160293818347
99,-2.308954293147646,1.4516727483520604
25,-0.6499022270470639,-0.8513191787616514
12,-0.4291098027335647,-0.37962765015218575
2,-0.27727508965380815,-0.32705007601147373
85,0.4022801214410243,1.5650902535260136
36,1.3021277730353222,0.32115493610267026
8,-0.5969311889166028,-1.4086558482492264
8,-1.1243736407309406,-0.20492951006542257
83,0.19981740444567828,-0.6937291377195753
91,2.124297425893064,0.09205390686858328
96,0.3968757941478727,-0.7547141244106715
40,-1.1715464971418825,-1.8743232091248656
58,0.025727467542301548,0.7630310382317003
63,0.352744640852261,-0.9324903108279469
93,-0.5307769928316023,-2.4114963228860176
98,-0.6761636276430969,1.8250316576923082
10,-1.2271982205413603,0.6234597527087566
20,-0.025190947983605695,0.30513127842920057
28,0.5985207869427416,0.6218331766398737
52,1.4405494371820056,-0.265261595085983
33,0.9272650766337402,0.6164084500881941
4,1.4398104397383433,0.8422655262083953
30,1.1655333354120634,1.2191232350098775
47,1.7254224693630855,1.8250671280946
58,-0.6992991309995443,-0.040568215434017924
82,1.551166398713205,-1.5019824689438506
10,0.9458365005629467,-1.0539151056978537
31,0.2948062219031629,0.24037035390477804
64,0.7781175837850721,-1.2925755542572748
32,-0.27254572794815657,-0.5880429069439767
83,0.32582439917066935,-0.27882361779024245
92,-0.3625349880531477,0.9009808522592746
58,-1.1687583408509403,-0.10104507228352701
67,-0.3718402303704092,-0.4544650975946062
45,-0.8019537050426754,-0.14008945801641487
41,0.809070786873316,-0.38519112606573486
91,0.08010648475676059,0.5720381868310505
36,0.17245075505780966,-0.518558673488658
45,-0.7638890594506333,-1.582593362538052
27,0.36504220359077666,0.5976681173057657
64,-0.7713302686117619,-0.36429225657390274
53,0.7761850527624911,2.2392895514899602
18,0.36960093777857106,0.7484631201324222
53,0.6034873438542451,0.10025492434847968
33,-0.9311055060451158,0.7631167658639971
99,-0.4838179960575061,-1.210832206878236
37,-0.5193039019229114,-0.020760509178012934
64,1.9570671103245678,-0.45165456821901095
94,1.0915784233880963,0.7772361679601393
56,-0.4172293373005889,1.014125995480586
45,0.3339167793020059,-2.5793696463723683
19,-0.7917647928030297,-0.7445065197881423
83,0.17691729450519414,0.5195809033319984
51,-1.0986557749758084,1.6249817222046872
68,0.8123889727896518,-1.1044235303216985
56,-0.9745129672437036,0.18762570146897775
53,-0.43767793849475806,-0.8324245651141036
80,0.97045139510247,-0.8695603260675904
5,0.04616808220015713,-0.9775903360191193
82,0.6433001508681878,1.0781557445097854
17,0.8842267884861571,1.1100585155284943
70,-0.08819670034017378,0.5251663006949077
21,-0.21927377845808171,2.164442584450401
99,0.539653738561211,1.798587508112477
43,0.33871120347564543,0.9411904710260786
32,0.06783247978517742,0.16644423082270196
9,-0.9310889347397043,-1.0105445135614155
79,1.3112354001746336,0.32003329606992353
27,-1.4711293935157714,1.7834515481936475
46,1.333413987880112,-0.6444325999474638
14,-0.587551478185783,1.174946455403879
51,0.7858274393052953,0.5274132533417805
17,-0.6647055588643532,-0.18122899342166005
14,1.0129615732211512,-2.473075821581091
87,-0.41598711264074534,1.7234059359487723
32,-0.796980153872916,-1.0051374759365914
2,0.9127747177377851,0.27276570655198185
61,-0.6937927267081639,1.8296010969993823
42,1.8104624451722338,0.14050079618024217
88,2.658838181826072,0.8076598295061836
42,-0.3251675551124938,1.4026091907021474
53,-0.007579931126959951,0.5855861974880947
8,-0.6646805881020074,-0.22369703079389372
88,-0.529461599222418,-0.503099265404893
85,1.273594930507325,2.073680939757842
6,2.12775525680791,-0.8695200207884887
27,0.47447981887551793,-1.0408785416475759
57,0.262853001007766,-0.6079590294556273
96,1.2405948862689244,-0.45533614151200713
19,-0.4727042565031913,-0.20872900960931648
14,-0.32812155930864634,-1.2135082268418462
17,1.26663533394685,1.4392798229123256
31,1.749718471244715,-1.6233626013583673
64,-1.5565324138214103,1.492877647748409
95,-0.4385630341677804,0.5481250631964807
88,0.845966957131514,-1.7536134626089512
82,-0.46044534323112724,0.18924588363837141
48,-0.6344073426538821,-0.05019434350372325
99,-0.033755124642222745,0.29615108015731256
30,-0.41301561822365257,1.341906399165494
71,1.5655476768193994,0.2956745696576456
86,-1.4056672252722338,1.9724657656848659
22,-0.01647858654685683,-0.19039311635809986
96,-0.3306113957726255,-0.4319265902186916
25,-1.5640028449762673,1.083767164395866
73,-0.8509518797995709,0.6562224692955417
31,2.003335906112592,-0.21469071642275717
33,0.3630812949834343,-1.5755542129579643
31,1.2895534362480867,-1.3823142527566477
68,0.5231664519291969,-1.1445451258926393
93,-1.790621287734163,-0.5715572301640685
33,0.3610959928834948,-0.7602882118131008
25,0.8296937957006374,-0.266145125717718
28,-0.24013628280595828,-1.4134018564907662
85,-1.004358556168831,-0.07264889373401615
45,-1.730402506701775,-1.0262048250924445
43,0.8285833673130166,-0.5925256435501515
25,0.5030182867210856,1.0744607237569441
44,-1.2339968279347833,-0.06945514442019811
6,-0.05880376377714138,0.5554824105401154
94,-0.4799740309622844,-0.9504238198068624
3,0.5620343589471379,0.700581622814222
98,-1.8845321977831149,1.4817937356429631
76,-1.0515664819155888,0.6659693108054457
2,1.6731935419292896,0.34448370854170823
32,0.6796685989977673,0.5077248651632716
49,-0.4049319771516858,0.21619139400369736
91,0.8053604979919611,-0.5514736710507566
35,-0.6121026197860632,0.8222965906369434
90,1.0219677217543464,1.0028321057300278
14,-0.04341837205853751,0.6908723083879452
63,-1.2069750944661792,0.9364344129338007
16,-1.2794430562860144,1.104847337835762
49,1.0302732074053471,-2.5273767061565575
7,-0.30048227520002313,-0.4806113938342652
38,1.3201358863415456,-1.560168366457469
28,1.0007313287918995,0.35853585802864313
85,-1.1782479412816913,0.24618572594820343
85,-0.8759166972028544,-0.34958116958412705
89,-0.03750823539785006,-0.5975015800513337
44,0.09736401627835414,0.30323807866849906
99,-1.033766944453688,0.3461156044058505
17,1.7367313354236262,0.7506394315862063
67,-0.3656734223334735,-0.49218358595736156
4,1.1373136635491232,0.397112585292855
87,0.6633745733488996,1.012680532955637
56,0.6004076905941503,0.07296868963549706
80,1.64927108888975,0.28807735365192016
72,-1.9765736931147821,0.8083681836719752
11,0.9986769536808427,0.7363284964718005
81,0.5988847887484581,-0.399728231713203
84,1.5888590055007685,1.693387353051663
26,0.08890757232265105,-0.2496445421911188
99,-0.4322232949722323,-1.337599790925963
39,1.5749862129539764,0.05000302437675556
16,-1.2060224876753065,-0.4860435161811858
55,0.8742735255132423,-0.3206062528337367
54,-2.0488593622657736,-0.4992994936578205
27,0.8288956099290321,0.6040501118961
2,1.5907237578058229,0.5326699589674637
44,0.015801213538213066,1.4565560864610634
57,-1.267921851680438,0.4635436290256673
17,-1.3219002484728648,-0.42279465285369044
81,1.0536644471350205,-0.38235403016722463
89,0.07481244859776975,2.1729606936441126
61,-0.12552924978492294,1.106358450895446
9,-0.13245053372740367,0.824849718794444
22,0.9411979481035363,0.4640942092986298
59,-0.0755606656494376,-0.06240508548773404
39,-0.6065077092266926,-0.15242676480733455
96,-0.6262365794297958,0.3494591200853427
71,-0.02053284937790819,0.6391296142497075
25,1.4785348622781556,1.46706688439085
47,-1.633454130406319,-1.885531298612692
7,-0.5538826602592614,1.1788081152042507
18,0.12562453582452385,-1.3509271225612574
19,-1.5354590674091737,-0.2910747159168012
11,0.5169833822293821,-0.3478221301433677
70,-0.3419957839554064,-1.3103936220377386
40,0.0680291548135058,0.07263303399762332
54,0.2791937491944959,0.8560388237618781
74,1.5909620466939305,-0.37625237578914944
62,-0.27625100137164627,0.2776299333338967
80,-0.2831367664558085,-0.3893100356568525
13,0.18939780121736471,-1.7177417896662655
43,0.4764441030161034,-0.16752634514796835
85,-0.14257303530795384,1.6365910588102657
5,-0.45017513658273833,-0.74625273235628
1,0.26547764914461536,0.7298481153181302
92,1.9702259690117259,-0.3442129846184401
75,0.30456956358555437,-0.8524145422941471
48,-0.05202162763365619,1.5507103053731093
10,-0.18707213361821634,2.160767409720808
17,-0.21005059226469677,0.7801964864971815
88,1.3856204669999495,1.3453545187359959
69,-0.6579951173817101,0.9996769979801226
7,0.8150792107156242,1.0377364395586335
60,-1.1434056971215767,0.8109372476404295
22,0.2543639056743896,-2.073964965709424
70,-0.3774591214499096,1.2744473577576756
62,0.4661605708200072,-1.4149825127893265
48,0.27232735800840313,-0.6561759782928193
24,-0.7866906009325191,-0.5000478167506627
35,1.0713423325771478,1.204554541187196
25,-0.6527384464692797,-1.4267411578284284
83,0.867125332725597,-0.21334678874942098
27,-0.08394146396349515,-2.211828585638912
62,-0.5696912116481619,1.633155108755678
65,0.3178263533846214,0.2021448995264552
38,0.5421648978348516,1.1893632898282753
2,-0.49956674101297044,-1.2500107586606886
90,1.6664942367627673,-0.8318598676942879
66,-0.9634421690031864,-0.4494807584084522
99,2.205893737326907,0.09262776032778823
98,0.256655815445855,1.021255916298987
40,0.21286747960451508,-0.27451829020166424
19,-1.2032006586850457,-1.0633945009264354
65,-0.7265245636389821,0.7997581120092105
49,-0.31024954042661346,-1.0238626021841815
8,-0.6230459848723336,0.22371026281712242
59,1.673157625793665,2.2613704445379335
39,0.33674248843205595,0.17702135928619334
27,0.016577218390289212,1.2098145438695074
76,0.2687072700644651,2.4937458892221973
86,0.3978380006461674,0.21265663643570437
75,0.0910782344286397,-0.4555739276879649
78,-0.7887096409618803,-1.1933656780697581
24,1.9573212128287194,0.07060285499931751
96,0.6469788816404418,0.8175962857119993
30,0.965483621542008,-0.9732074084262958
75,-2.3540666558601497,0.8837399309841162
81,-0.5868092742975464,0.08431384212519166
57,-0.5435006591625163,-0.28612019510282327
65,0.23980961556249317,-0.4055111572188556
6,-2.4498505675827253,-1.3995924781819173
78,-1.3975249219880146,-0.8818211006984966
53,-0.03672130676769719,-0.08089186152369275
71,-0.1943311813837125,0.4493530577800271
2,-1.2312168047084449,0.2420889439151146
14,-0.014354759604629076,-0.21293187019868243
47,0.09128166787143724,-0.06272513024751107
31,1.147790573650872,1.087771217874844
46,-0.09861049827122069,0.7357193148023098
11,1.0154858005164722,1.375584685916879
24,-0.007250540504115189,-1.3647774394148866
40,-2.504108912413327,1.8368391418403471
62,0.17571414372369237,0.7871309205925876
57,0.16996488782291938,-0.26921680304263734
16,0.4850127241184013,1.2652594703516868
43,-0.7327017927610276,1.7359983065764455
97,1.3677649279288822,-0.3634117432288117
18,-1.5552919334079456,-0.3844220115827569
28,-0.08395903603698605,-0.5040309937659044
41,-0.7987481008786169,-0.7465924876017015
37,-0.193762761195488,0.1321839588255237
85,-0.9401959628421881,-0.5592089385557308
83,1.4444719897195162,-0.380840579369511
11,0.3833850605164336,-0.12831472798487759
69,-0.2765442449345479,0.21173580664385702
36,1.0766681553320974,0.8602301102541687
35,-2.645877453401404,-2.319780737028358
85,-0.9167272049135053,0.318890393784126
80,0.3778542063934648,-0.4885824228980992
20,-1.0879501551476551,-1.5110889232987381
22,-0.36506286626240503,1.5772516404745114
98,-0.19319032452531273,-0.3061347336033038
41,-0.6369819532817065,0.025101285325921607
52,-0.0907823098575999,-1.2976447204393202
43,-0.49736789368817386,-0.10916333558098763
45,-0.965158752026538,0.19709058719851108
32,-0.4766531560961512,-1.2684636217294278
87,-0.1409009778288621,-0.21497440178239077
88,-1.250484780437581,-0.9635297473314943
49,-1.0828960220218813,-0.8411156728785563
67,-1.095009955005289,1.0216360846848846
85,1.3415198317514527,0.4710617837618886
35,0.6597817858591978,-0.36081963038357107
45,1.6350566417634402,0.8269404991711443
60,3.184365243448014,-0.03398983314189006
48,-0.37253710169965243,0.18429162685296133
20,-1.153280067145109,-1.2981352075397217
89,0.1286492953407001,-1.2327058673436344
24,0.9939033184481433,1.2530024796572832
83,-1.2737127218936295,-0.4415066565616169
23,0.7289032717074797,1.4458203316489513
3,1.1080030564169423,-0.6584978594536584
2,-0.2642772833486157,2.613406069717509
14,0.578742111862359,0.39258555982708715
93,-0.011048197799558006,-0.29995695231539565
32,1.5245700163460378,-1.1383392676055726
65,-0.012890969018832948,0.8020776716140089
63,-0.43995323915714996,1.7711705037145709
72,-0.6699555135523945,-1.156274112183439
58,1.3032956857809843,0.16206774027348556
2,-0.345826465343052,0.3845399434363202
48,0.6945521992897005,0.4241327487005492
28,-0.30288929108514423,0.24099116676188276
19,0.14913303121702,-0.27797499773411266
51,-0.2944239049731341,1.1507552341920821
76,-0.8784837698141928,-1.3055649724920764
39,0.09446011411661748,1.5853539390165696
60,1.4747881880971718,1.1119764674180859
49,-1.5720116520310463,-0.776416608990194
18,-1.2375038235503442,-0.2906774114964528
69,-0.44053446745401786,-2.0582121824676194
81,0.6695616699337796,0.059083200194908335
60,1.2592494970728143,-0.23591395873066193
18,2.447748361905566,-1.03260814790149
16,-0.6338518863461233,1.0108564544909433
68,0.9823808575925435,0.5107678681479267
78,1.7994326312565119,-0.22680706171595852
59,-1.4415635380901721,-0.37188207765338493
11,0.6407519823461515,0.943190962155372
37,-0.06872065610596056,2.39988802392768
71,-0.4066598719373958,-1.101472259886134
22,-0.38398683802950884,1.373910734936795
18,-0.9122078239133806,-0.3677351489602065
38,0.6135046825085025,1.482316441311042
66,-0.23636965922080125,-0.4056622870732107
72,-0.12840806952793365,-1.1946938657703778
8,0.3407794708094104,0.6347000234399192
16,-0.815863309071881,-0.8581782534944281
72,2.2825922444636886,0.4704941137062704
17,-0.5821634376339236,0.5922623730802302
49,-0.1636660053756851,-0.3251524159185327
52,1.3348937804452452,-1.1616438017455257
0,0.31897453686756194,-0.36814561101532417
30,-0.2674145251792866,1.401158834445236
23,0.05724567698004233,-0.11497957944986255
73,1.0812007995701511,-0.416526425256707
65,0.7369327418336413,-0.6881573552597957
49,1.5483765288543103,0.16375266647137401
16,0.5445597776756121,-0.2317287146394131
59,-0.017597117641677807,-1.2328068014460571
52,0.46798597160447075,-1.0215146791117022
48,1.10869641621852,-0.47710031522701035
94,0.23135058992456672,1.1450243351238878
86,-0.22531739717299706,-1.1506331284548617
92,1.2240495863829928,-1.1598863093493472
17,0.1289589533888673,1.1079549420335375
95,0.497709932621651,1.1726308226453195
58,1.3884538557684594,1.140614345693499
60,-0.5521240457063827,0.031225041134687114
67,0.2812660712846402,0.1964291417419919
49,-0.2134762769344716,-0.9350374331406727
40,0.6927545816026136,-2.8457990881802355
38,-0.6481282911714433,0.18901253919817754
24,0.47341937557587893,0.8306704366949855
56,0.5756451907168967,-0.24945782380488712
8,-1.7891202996518096,0.07418612500641915
74,1.0473529031176378,-0.4100202411256955
32,-0.28365475750073504,-1.0744409980422083
33,1.9756430068647297,0.08991787909498954
25,1.3251588039910926,3.0168478036498048
93,0.05646879936932962,0.9313136708242136
77,0.8791819878614779,1.5934085549672872
35,-1.6593036080808061,-1.5235465498241445
57,0.9623550097943846,0.04825430850068417
97,0.25996711370817815,-0.05016658603223164
35,-1.4250422724025211,-0.5931891952733099
4,-1.0720886531888427,0.7897855375498909
6,-0.49440560154205127,0.08088394609660848
56,-0.33255163193284365,0.14292262644886758
39,-0.9167090962845394,0.629981223809007
61,0.27386051637300024,0.00307524178940608
90,0.5372631139903336,-1.1495336233761269
25,-0.06746244860241048,-0.3744278344695295
65,1.3551056388880742,0.022316645147493513
6,1.2459844978564036,0.12169102303105069
49,1.6567661644873177,0.829130130135721
40,0.6412122858652475,-0.20711560130364465
24,-0.36679097008336187,-1.6955036303448956
60,0.9834996561737386,1.339226088719322
56,1.4832165784871716,0.6397573968082991
94,-1.0914477007929386,1.1840626814940103
20,1.2076660529560193,0.3436043669303527
70,-0.18218519732414312,0.9047449110759789
76,-0.975202293164179,0.14409661568549748
9,-0.5485734940384271,-1.221413035809211
6,-1.3239395077867944,0.6605990695146287
56,0.6377485260899425,-1.1800086346762733
42,-0.15647632319622562,0.8710646789924976
95,-1.3811435294097896,-1.1620061274444302
51,0.11227418206146506,-0.2276351104850125
96,-0.8073578197706633,0.6655535251247711
7,-2.947232589309355,-2.4254567397582303
21,2.4517580162220356,0.7203690678165258
96,-0.24967363499424633,0.21629682511496076
91,1.555660269764254,1.0493389634203214
75,0.8378961809146916,1.6254039276654175
64,0.8063095649341288,-1.3005075002956663
20,1.3804668411405865,1.1694412042384528
3,-0.024444627618593773,-1.1713928640122784
66,0.4966971840066636,0.14186734174960589
81,-0.6800766985292309,0.3164781236745274
97,-1.3850093554410816,0.008558785178434414
40,0.9891274469996127,-0.33963295899680596
42,-0.03693147305595386,0.6282679296807592
66,0.9306554130753921,-0.9170489057739316
93,0.32676193464842956,1.2784580338834455
41,0.04583370166931805,-0.6426073626598837
10,0.2978778120826434,1.8087207155907872
58,-0.5234160169554097,-1.0043856862845044
97,2.1463713616498663,-1.4033686658022109
54,0.532962429323592,-1.4350731736672178
78,-0.6273672467529537,0.46065250735376834
80,1.3620392236486225,1.3285496117765854
37,-0.011350867047859306,0.7246442722334921
85,0.5384103041045147,-0.9190108850159212
36,-0.17008851559413152,0.40985474401696376
23,-0.40445461665625293,0.038114376049783
51,-2.0906866535215762,-0.44598518299540385
48,0.1835637461855345,0.41660845849393974
27,-0.525668461910678,-0.18893289915254755
93,0.28702165583432493,-0.4824644334855135
10,-0.5628233280127897,0.810467464598882
18,0.2583423459176679,0.0948453292511467
99,-0.7670642332649089,-1.4409871498109372
6,-1.2119766473180231,0.6189423549226711
63,2.0284332171016244,-0.022204462736859876
95,0.17858202534410517,0.18566664139290326
53,1.2087163021175906,-0.7147258952969546
89,2.152361323590683,0.34867929461098285
76,-1.6308216868553893,1.0992864410286123
39,2.1681764595712343,0.8830650000262065
94,-0.22354833172598057,0.26574062457780256
50,-1.5971551074120205,-0.16489640041013442
15,1.2835609250732414,0.06813722710380289
92,0.5240977709995547,-1.0534830278245946
1,0.9545112188566791,-0.20836747493549193
44,1.0953026718812036,0.22143103826563382
63,1.4963614877943596,1.4875921699911507
78,1.010060804223208,-0.718100359210871
31,0.5282789471834829,1.5162099787102916
37,0.6292783132065818,2.2070131989723962
38,-0.28386436050485236,-0.23364905954900353
56,-0.3168146434780117,1.1810687329950913
52,-2.944206302102087,0.6254468015868903
99,0.5624586668088731,-0.6707552102570126
90,-1.0263654927264754,-1.8706966345614522
60,0.13235653805357733,0.7643538043777793
58,1.2126385543310831,0.6325756698365722
28,-0.2567201880045128,0.008502487978875322
26,-0.19662539679746208,0.9116744771373616
27,-0.8495132642952592,-1.7502497600049578
69,1.5041874193051499,0.13765151361969385
20,1.6096430298771194,-0.7365958237941982
66,0.17745629003042843,0.4582478657299165
74,0.21638503517941143,-1.3764121735994737
59,-0.7832988436437772,0.31064916564432643
67,1.0628761513448444,-0.04763210532448227
67,0.05309957244377314,-0.5839602997690841
29,-0.3220815105212759,1.1051218757152084
67,-0.05043159172931264,0.5447476197556377
5,-0.21688489489208934,-0.3838429595288739
81,-0.8592018211443955,-0.21485342333711036
52,-0.734816921738653,-0.21813763195384864
44,-1.6486125656754502,-0.2826000144352645
97,-1.6840039024404103,-0.3102573820117111
88,-0.43761054677435784,-0.7909837051537355
36,-0.4396060526280262,-0.4420626042927513
7,-0.658207187399513,0.7596998980165572
31,-0.6653146497714468,0.4724827075602324
23,0.4659537884027555,-0.11116159170409921
81,0.8313344833113508,-0.7336046555007169
42,-0.8554210315848166,1.0656221433186734
25,0.021033848397648706,-1.2147745960881184
1,0.7233334965134112,0.8034258299535265
17,0.7636259024504165,1.0835371898942299
8,0.7367024685176392,0.40836810676261837
29,-1.128772026091988,0.34647494228307046
1,-0.9419246467165959,0.7471988242506993
33,-0.14182910640248328,0.07056787847938978
81,0.7513426875294399,0.3313984310530103
83,-0.8108847488552554,-0.9603259111689092
35,0.053613353766279855,-1.4050113056700717
12,1.0755461929548824,1.593313762271495
80,0.5722896646889568,0.694267383279209
15,-3.184457687157404,-1.574875875681929
8,-2.9823440233975202,1.6100782275184473
4,-1.2447413225215558,-1.158115738096439
54,-1.5295701724816229,0.5632156065928984
5,-0.40431333102743955,1.7166107109761217
43,-1.2098614273033708,-0.5863861430936591
86,0.6162902742332285,-0.2655149619734565
47,0.0588000196734821,1.5606709884277519
86,-1.0081850223495181,-0.9624802688397976
33,-0.23430297149597584,1.2672891844039695
8,1.0945206662847886,0.8573109082982843
62,0.11489659681467669,0.9239605996485372
40,2.2722937653661828,0.3645501110628466
81,0.08652720434997208,-0.2754116076799553
92,-0.08288270030420765,0.6302238571720571
24,-1.097542791298357,0.8952762395132834
37,0.21193899794356846,-1.4527634446740458
79,0.7952818301006861,0.2440769482011203
81,0.9782501641825629,0.46116028312503154
99,0.4143363124254156,0.22216378138685405
1,-0.7722491549021016,0.5682334392244672
17,-0.5472940008706412,-1.5525203005538892
55,-0.0657261746029934,0.8380831200920632
84,-1.9680922698533836,2.0734058858622144
16,0.7825396820397718,-0.10171022597302115
7,-1.5242474970237434,-0.31751817202211935
14,-0.7526435953249904,-1.4573307140613785
48,0.49386892184949044,1.608726403780471
20,-1.0702910445615124,0.44336279858155864
38,-0.017668283646860888,0.4123096467939076
61,-0.1621626347219903,0.08882410193483917
66,1.1842631521679339,-1.347776638189026
95,-1.0520688024720017,0.7502673566555569
86,-0.6154450398162807,-0.6113008064937084
44,0.8039319457180374,0.5136483023242318
4,0.5144416320218846,-1.8139128812860799
2,0.0838611367931711,-0.3707892009020773
5,0.9400967631630067,-2.389552480587341
24,-0.5963843695458731,0.4976837189239957
26,0.9701714537105695,-0.15102614605559278
27,0.15483708564202278,-0.759973795668218
56,-0.3393036332717004,-0.012711555230522786
48,0.32241899370966964,-0.2182270630290189
78,-0.16166290038171632,-0.7137281740713441
58,-0.564341050853205,1.7450789578179404
3,-1.155935665459889,-0.7886918560415769
33,1.7590352840056194,-0.961488105423068
92,-0.10162044234593166,0.1322999533876889
3,1.0813247107757302,0.7562783472898073
96,0.40864396743788556,0.05032715045598159
82,0.5537348358361477,-0.23247924345413268
42,-0.11037760771367121,0.016095011901756995
27,-0.4649853852459659,0.10340545450092646
44,0.2524733592134526,-0.17317774091717922
38,-1.182740916346724,-0.9761536748869499
25,-0.7536361995418818,-1.0277531244366385
70,-2.5691266440838927,1.0704794031305322
16,0.19993375679641293,-0.2742349296389795
86,0.9346379260693505,1.1247558716510064
97,0.43182795255831735,-1.7709292858314347
12,-1.497556481502651,-0.05875195209847544
92,1.1269750474768188,1.1683078219051422
71,-1.386372900673415,0.4291468312567692
50,0.572831549350741,0.6982283528545503
8,0.2947395311971276,-0.5518384518343946
39,-1.3961041017312372,-0.2641730085050738
41,-0.41542497799116007,-0.1600563116107457
89,-0.3100232402045074,1.269404400787613
88,2.2659046867326227,-1.5450110751478314
42,-1.556305464836399,0.7924130482335268
14,-0.14372254618100458,-2.2090350603046804
75,-1.2876316764115274,0.2576784765565249
4,0.5360750101976689,0.48369564259759934
94,0.7484508423572235,0.8029359321832733
47,-1.4053910338160478,0.10205871216794263
16,0.5683336329673256,0.1941635808374759
29,-1.0969628297025937,0.19262118098076533
34,0.1697519716128105,1.3439734923320574
46,-0.7166039558177426,-0.3374327495708718
61,0.23209382273622256,0.6966156482056783
85,-0.5098048081921053,2.0027908893849147
36,0.6912228697307847,-0.9330140932497746
90,-1.5166285957429033,0.5405283156886124
98,-0.2488636853311734,0.40644917052085355
84,-1.5083988147201994,-0.8055738052824057
95,0.7210412297910791,0.5802189848982897
58,1.0512374765292034,0.5361384514343831
89,-1.918288548323641,0.10630123701343482
29,-0.634096242870576,-0.49781784420676056
59,0.8469457856811645,-1.4676150799025591
84,1.8156083329626784,-0.6107130692376282
2,-1.2542922804412278,-0.16096041224056937
47,-0.3242062081811081,0.7700003992467311
97,1.0950046384934173,-0.9689373754962061
84,-0.13938370582580678,-1.7480311851292467
15,-0.42805728256041164,1.0239864418389457
3,-0.7315691545815401,0.058451293012579834
90,-0.3211581632612072,-0.3499826666426255
62,0.26624829266118577,-0.3747834675111352
86,1.1497422236002097,-0.6486743924030681
65,0.11928718364675228,-1.2450233722044848
74,0.36525696339655433,-1.4477479086602263
77,1.3599737922724426,0.9833396934280693
33,-2.2015453936662106,-0.4324730592334143
89,0.5187902285637082,0.047813437286583514
64,-1.6887847973700274,0.9125444021379758
60,-1.495595428394585,0.7387777222827188
73,-0.8640041268503635,-0.7275934811457123
60,0.5832998707861876,-0.7479943981226641
72,0.04556265162608387,0.08080942883923721
46,0.7830237195857092,1.0503064219813782
81,0.3013962820078309,0.12244796279040843
76,1.4317381282651225,0.7590378793743054
77,-1.1898661446824497,0.09245489675824395
77,-0.9408455123673398,-0.2588414760988252
48,-1.4713813446000967,1.4281297149327854
73,-2.6439605234987402,0.40721389502366273
30,-0.8018632160464015,-0.8035815746181694
69,-0.8069303947072863,-1.2829263888188167
39,0.2841952141221202,0.7946590735487364
74,0.7263386582619946,-0.815649456699792
51,-0.68858387069162,-1.1869768359502983
8,-0.7223090736462778,-0.36053963099801856
79,0.8454886529893731,1.2275715971705679
62,1.6022467162438294,-0.46264629967165066
59,-0.7691575395820375,0.7710385715870419
69,0.02927228991501182,-0.953210177780641
11,1.892308651805344,-0.2240083924006885
92,1.2449159268797556,0.031144173544563586
23,0.46092035559455147,-0.4336379456373644
68,-1.9862900665336187,-2.080602208235964
55,-0.6585384071379222,-0.11687303184849904
18,1.2390629995670803,-0.3334718139376099
74,0.8428695570200082,0.7809699077375826
96,1.1325538240056858,0.013038080142576023
85,-1.4023884804966995,0.20391433619052593
53,-0.0866208318809997,-0.6076390800046289
63,-0.5577510926088698,-0.04165638677547292
96,1.6807579469598746,-0.6643456235919225
66,3.3071567368288903,1.229439172964427
34,-0.07630310475787033,-0.4274505129393788
30,-0.08163225445580828,-0.556001597224833
27,-1.035981247691799,-0.6780906065551111
48,0.40219872735363377,-1.0076134935105663
39,-1.377610889689916,0.154064493092371
58,0.4770513846995637,1.9995356408031293
8,-0.060509569656553804,0.5878494309826907
97,0.02445354190513382,-0.5105270746276372
39,-1.4680334896165155,-0.7363244953550898
37,1.148466810404878,1.5427372172384757
29,-0.3152747738227941,-0.007892840174840042
55,1.6800609095291277,-0.29874819736954505
76,-0.2947494196632585,2.011025511908531
94,1.0754245757813015,1.301730392035929
49,-1.2319722395856487,-0.24486025915533097
14,-1.3977505115687667,-0.36032963725224343
22,-0.3879366741569691,-1.4463591498237571
61,0.379756342774113,1.615328601281908
33,0.7649740873643703,-0.11862998087577412
53,1.7160209910680864,-0.7231610481200501
25,-0.4512143159459013,0.1822222903461523
88,0.6389908711590895,0.01224753763155713
94,-0.7575272684135834,0.16495697803390313
87,0.7115745493075539,1.4390956269515467
68,1.1797689855437006,1.1234358207527388
49,0.6136103607735733,1.4792285479691647
4,0.27894537804337327,0.06392747899023897
17,0.5594323484227928,-1.2477580682582234
41,-1.5483001443022826,-1.7301617819883217
32,-0.5145741316086638,1.6078690889273997
16,-1.040884600277042,0.16328394130691132
62,-0.9227345884038789,-0.22784427966367493
27,1.3949183569942847,0.3317813529981229
40,1.548304957245222,0.4999890989485453
33,1.5828883874953987,0.2959717220431
30,0.15193832223351725,-0.8363205505528077
17,0.725857184185207,-0.7186001568591294
11,-0.22792830113065862,0.5630877085540523
14,-0.9536324441390286,0.3874084712022745
25,0.8700138676649454,-0.8090141051717212
78,-1.8934264946116675,-0.45272732517842096
83,1.876111693513307,-1.4759881812506466
43,0.00629269832090558,-0.10262712887630877
30,0.7850436031983083,0.9005927604188649
26,0.8606681529319926,-1.3107806363576728
83,-0.3871075228258345,0.35081419897441984
20,0.37686847923733785,-1.0099754904977198
43,0.807302640171337,0.46292457469031684
54,1.4189501646000127,0.9237298170485355
70,1.2778610405317832,-0.4662570714524003
57,0.8604882260064848,0.5695223235817236
76,-0.18130195885561565,0.2922973786409102
76,-0.4195979568515807,-2.574647748538765
87,1.8507607828769204,1.1813319729176093
97,-1.0302690746536303,1.297285215824068
74,-1.3615228056241242,0.730759011867445
89,1.607591102340461,-0.9014989567674118
75,-1.017558880552511,-1.1426007710886121
79,-2.2432719141883335,0.7308119794801345
1,1.1574956426868865,-0.6297446680039279
70,-0.9673609151884245,0.7625540588521939
59,2.145265077287596,1.3670103067445902
97,1.0559564316116248,0.16835340886094796
74,-0.6094496923258862,0.246211099032191
70,-0.380399612560478,-0.04213980931049831
10,-0.018988978530992896,2.904547739226953
94,-0.45277519105373076,-1.0642835916822284
79,0.6429461124379484,-0.5102200744538181
54,-1.862268615917903,-0.41310221596429214
96,-1.064322159913067,0.38507927387377006
97,1.6651280876947752,-0.34790213844443624
45,1.1838715700004911,1.388036457618344
42,-1.9772605184674077,0.797811172448679
42,1.8011452143420141,0.3245522753229132
99,0.39219982513461227,0.5881106067744906
2,0.8187763740810492,-1.860868407181549
13,-1.3413395263328067,-0.9164050698940643
62,-0.00048349991423225097,0.43295355679306674
63,0.8050581121156745,-0.14736827187642143
36,0.420095392655999,1.4529563098721465
97,1.0878042361708713,0.22919891527245853
42,-1.3118744272962195,-1.2120159337938534
36,1.278109799387681,-0.06764081188653913
85,-1.693373226965758,-0.18944028231689783
97,0.1663527773716172,-0.7301087029854361
85,-0.3604933523542794,1.547821089586594
22,-0.25437000613570276,-0.563584307345482
71,1.6369758617331334,0.4062243560072965
95,0.018938116826408873,-0.3204392343535565
67,0.2577938953599588,-0.23066237910852871
35,0.2092274790376386,2.320942854348053
78,-1.6685659683125988,-0.6231999511291921
14,-3.3801458931585437,0.3263686603649654
94,1.1052965685686331,-0.5913809374089934
74,0.2509406850818006,0.31384003485077877
15,0.39856637806359635,-0.03209735037303163
34,-1.8826034761628647,-0.2689342476978843
49,-0.2920730801758984,-0.861082396926005
54,-0.36291772693008856,-1.8062226178604057
6,0.20547512834269863,-1.1274602850480442
9,0.28062842168807556,1.9587571711038105
14,-0.8351368894327089,0.04843686937111785
17,1.7874743848039245,-0.5445268231516481
62,-0.7968300451252226,1.0122114967754925
51,-0.1053472774045855,-1.316084619978347
94,-0.3604988668730954,0.8747419970784093
31,-0.3917211460188335,-0.09629496356477404
76,1.8292395415570237,-0.37068688378342873
77,1.4277545080717478,-1.748781045480009
84,-0.15701665529878497,-0.5629193770663229
6,-0.45225672308123827,0.49819976204630223
77,0.8016145161067677,-0.32535664933891495
82,0.6469482547200713,-1.1781127112766747
91,-1.2434219551718868,1.5179179498422861
38,1.894128050937544,0.41064983993389914
27,-0.2627226404472052,0.4518810031344588
4,-0.8427300828369828,0.500400404175484
96,1.4340834623409997,1.529436360844052
48,-0.3698750313617326,1.189080050735301
91,1.3773390675733543,-0.6597042966388555
83,0.3747529547125132,0.6396215742628131
72,-1.3378662303587967,1.23983076543331
8,0.42738530628198407,-0.6902770775535948
19,2.0257780884012666,0.65501412668122
74,0.8418922164051849,0.836572329204721
47,0.03689940192462053,0.6759356201175157
14,0.48145247536494,-0.4367187837763283
29,0.3826071830668135,-1.707520473953188
36,-0.9050637440635355,0.3929966079384924
32,0.21819812112846912,-0.1765057955609905
25,1.244671145290192,-0.9854794571267158
76,0.48413433851027166,0.21320346040883376
14,0.8422829540126711,1.2208045079926637
52,-0.06813684662948925,1.868881566990387
7,1.8246902780715635,1.0816192664446989
13,0.9694882763163825,-0.4922405167512751
18,-1.152770495046619,1.456618321984247
0,0.5223742022704366,-1.4671592981219466
20,-1.5429571567881142,0.192895897067054
7,0.09256127081763448,-2.4950803009028704
69,-0.28955485617364757,0.6299923350041349
44,-0.6231279287586583,1.049685561890233
25,-0.7417749214885475,0.3806632132094547
38,2.414902492836188,-0.33720213621054435
27,0.8569193467649019,0.3306342355492542
75,0.6451039099090703,0.1899487951247927
28,0.19574427148517026,0.4249939957052856
49,-0.2469641030036214,1.2011705124101855
21,-1.0831259489670195,0.14625453705895566
9,-0.20556426772512407,1.1535096331111951
25,1.2150285830618563,-0.12892755201796155
94,-0.38650967954017823,0.7716348203406816
80,0.1457655298402383,0.38035308234383713
43,-0.4072203413449186,0.2519429703603713
4,-0.9137243006593059,1.137161770218801
35,0.4140532044543974,0.44100773099864987
81,-1.237174341442503,-0.7763381140350524
34,2.208299816651539,-1.2332072135275227
33,0.24613956512976765,-0.18425710229077732
86,0.35425235348446055,-0.7464457857876313
57,0.7246556586363166,0.9555903120689361
31,0.2433539932107511,0.3963870816749124
28,-1.4623956798894844,-1.729336834253413
3,0.060793984281148156,0.6226810185008028
74,-0.028674493764127052,-1.977937307105439
8,0.8262621173027032,-0.5354770462883334
38,-0.4203845436679854,0.648420624890623
10,0.9739229960325592,0.3263003540902764
30,1.0675524978023414,-0.715351705043764
21,-0.3708836851984248,0.3152821500658805
28,-0.688432376468877,0.42454756379685155
13,-0.7900306212309671,-1.7217529371289924
80,-1.1847374066077556,0.454057262108675
65,-2.409651680758016,1.7255747915759179
38,0.15351235791132384,-0.24281992159200225
4,-0.08321842111139681,0.33112295224812366
76,-2.021138344826194,2.561467386966812
57,0.5940295058162739,-0.3129718179547388
63,1.457638356058735,-0.11956989529535732
67,0.18355660682566752,-0.11809878250128718
3,0.27045608689249134,-0.41067650743667433
80,0.21097782203052778,-0.7779458314760198
0,-0.157011278788296,-1.5766713463953161
52,-1.3617299534998402,0.7575454013481693
81,-0.1079751834779025,0.409472058307926
28,-0.033293624455416546,-0.2722823581020433
75,1.2778160562166236,-1.259465603261413
3,-0.21787953741917773,-1.2064827802619051
11,0.6500532141989374,0.896991863880619
17,0.9548749122818718,0.8273733079424804
87,-0.9633299490498365,0.015734566007980906
58,1.2031522121571434,-0.16316467880384825
29,0.603058322868041,0.9212369470677327
25,2.0821701072643863,0.7985369214582521
90,1.5297049046075046,-0.30689203073709714
74,-1.2548196316768563,-1.5618695804538731
56,-0.012021440178694656,1.6437570865024607
97,1.558547159294661,1.0407403467231977
2,0.6853956516912115,1.2100946746580474
38,-0.7561922446029541,-0.2961071863106012
33,0.7031728866004471,2.5091277168829014
18,-0.02253625877231153,1.060432786196103
79,-2.196992755625703,-1.3386147176042156
70,-0.5545222366025473,-0.7759082159445724
66,-0.6407332173733279,-0.4956463631889955
91,0.058813253932292524,0.23446658839271103
71,0.1159584004537834,-1.440243370272321
70,0.23401443269678868,-0.6755049702593581
95,-0.5398329494544171,0.4766523878374217
59,-0.9443917571090288,-0.26884502070685656
80,1.5429255751811919,-0.06938379185241414
7,-0.004889161335879663,-0.6483214137703835
75,-2.050362187976506,1.3587160013521962
68,-0.48896468090611955,0.5163232042308833
56,0.9911776442441241,0.6239632388479441
27,-0.5376764126391201,0.2806672768298713
60,-1.4491121385960033,-0.46645325860880354
69,1.7991668225088269,-0.5565638406972854
88,1.0355040839485214,1.0094025090564496
