34.0,1.1169882291407607,0.041467844896814064
69.0,-1.6169972224970204,-0.5635207726871867
2.0,0.7599315671102532,-0.3187043038320617
35.0,-0.5878823164473598,-0.4632293308153282
18.0,0.9739558494457811,-1.523231396467554
84.0,-1.1555064441178857,-1.3836486300798134
69.0,0.015966773300516178,0.03546960869038388
31.0,0.9419253214938701,1.8194547294846926
6.0,-1.667922865490389,0.3772274962311063
71.0,0.39073567197791403,-0.5943852001287717
87.0,2.1199007470560893,-0.9369585447633932
85.0,-0.06846629342455987,-0.8324653491648634
36.0,-1.5279471313612316,-0.8112938403253795
78.0,-1.1335669547514367,0.842284774306652
27.0,0.4511127449060476,-0.07420697518305333
98.0,1.804677541538611,0.6625318486529278
90.0,1.0166334129274714,1.23918470918131
26.0,-1.0700101125901134,-0.2639728421329149
2.0,-2.1490311330293252,0.7561408841224877
61.0,-0.814654519630048,-0.6113278241933782
65.0,0.2908470665141738,-0.573615106731191
7.0,-2.504893916476531,-0.20026336939118447
3.0,1.2019169747427902,-0.06431026248178709
55.0,0.6169262269299381,0.08759165923949065
60.0,1.0332857280492105,-0.3424069637715081
20.0,-1.062557215353822,0.6576025172214273
71.0,0.1995139836242975,0.28747320833911605
12.0,0.18724465235215784,0.9637813456171157
55.0,1.257070400976147,0.28392674445091676
93.0,-0.7058782736218534,0.7580427708095439
39.0,1.6344743070986947,-1.335758992019667
26.0,-0.8233292515758839,0.7423427708827685
60.0,0.7807708116659735,0.18881773156533982
1.0,-1.6055303088502562,-0.2861008369121224
38.0,-0.5273961087939216,-0.6626041522164375
9.0,1.4532067812631424,0.48216909994878854
76.0,1.4152469954808715,0.40759716851884387
61.0,-0.934731287591864,0.1845206623649934
37.0,1.6478779398668293,1.5051958896593216
98.0,0.401433171743776,0.3012381520831485
64.0,0.5094534582548614,-0.9774663792471152
76.0,-1.296217141705199,-1.7154199074390166
38.0,0.3694519660090399,1.7083730707248306
45.0,0.3695830363687187,-1.724534933878297
73.0,-0.031373912549496556,1.1698132080151977
29.0,1.4564304160740436,0.7773417103968071
92.0,-0.2942346965739394,1.534601988448376
18.0,0.8366743824706285,-0.9025867049863093
84.0,1.6475422884137767,-0.2332240882693037
77.0,0.029885631994143035,-0.6700572725550994
27.0,-1.3706512642937623,1.575659590211196
0.0,0.804084615385615,0.7388427557469898
11.0,0.4480455816121478,-0.7850789662018663
13.0,-0.8368478744016988,0.019011479834120756
42.0,0.06838216217465372,-0.06943362531302769
67.0,1.32195172439681,0.44564890604558405
60.0,1.4021461998599642,-1.2348227135498706
0.0,-1.1269260345563055,-2.3710930548072087
81.0,-2.467610066898822,-0.7277086247735461
99.0,-0.48416000752960897,-1.8715539068199276
17.0,2.5116610990511767,0.9335371857859613
21.0,-0.7877623239039238,0.537071015471014
6.0,-0.14520485768402205,-0.035284333875436925
67.0,0.6922453314534084,-1.1160622405492975
63.0,0.15979118733282432,1.6554253367229619
63.0,0.18225883187310227,0.3391545810022366
57.0,-0.601151376086643,-0.47366803420318304
21.0,-0.30416419064010347,0.07239277916432783
92.0,-0.890895632323694,4.3336528911286404e-05
74.0,-0.26721257968334206,0.20011617511837043
79.0,0.7150416148977222,0.7783985629154383
54.0,0.2480566079095002,1.488815023266868
46.0,0.08422370831957207,0.5305670120230493
26.0,0.694096474116073,-0.09792981745628743
90.0,-0.011624822403407327,-0.9312072949215648
52.0,0.01979923294510629,0.3607599607951987
13.0,1.1079034568630755,-0.07438999592842613
71.0,-0.2802131577998254,0.261707102631545
44.0,-0.1973611127886245,-0.8819643345734604
24.0,1.401460462900194,0.20018237620622784
43.0,-0.8588984781348565,-0.7114588632666949
83.0,0.7522553505477763,-2.663809943773336
47.0,0.4940963195026561,1.0623353973476923
3.0,0.3654736388570937,-0.36289402957470396
8.0,-0.08629359489051984,1.6627443106078321
98.0,-0.8601600960516834,-0.08230502258178725
80.0,0.6495269957331862,-0.7881918572186242
7.0,-2.458726293544801,-0.35480869103538665
40.0,0.7008096831108847,-2.1775581138964877
19.0,0.7088478889866054,1.223942435040968
96.0,1.2418297424741733,0.3419880015360851
93.0,-0.8662537085215546,0.26069846026544324
41.0,0.3184787449050158,-1.2683133365164292
32.0,-0.083936487294893,-0.7716035093346242
65.0,-0.04438702158310286,-0.5023390481633383
32.0,-1.8812337966089365,-1.0652881271337553
92.0,0.24926157649491684,-0.1275525960835802
85.0,0.10565410689719842,-0.7032851947775399
32.0,-1.499148214592308,0.331192999802789
28.0,-1.5184714751950767,1.4016186588395034
33.0,-0.653767385985792,-0.9462769363493435
56.0,-0.19218306861763126,1.1216068413592981
64.0,-2.2153374555107583,0.08063360642361875
65.0,-0.17318952738261265,-0.09790395922076543
74.0,0.6379727205047896,-0.5805019667284516
43.0,0.2276103619953886,-0.8336585933676176
32.0,0.6847036203454362,-0.24024503998765187
35.0,-0.3792037910908802,-1.149330660470699
16.0,-1.8061987734193092,0.054891312970266566
52.0,-0.7193946996650585,-0.26921993922800885
12.0,-1.0938369071163097,-1.1941299462279844
11.0,-1.5148657984107528,-0.7630117888840697
33.0,0.6834964435808581,0.9738581772735867
86.0,0.9397395809299092,0.22977337052785846
40.0,-0.7452691181512823,-0.5171075137993963
17.0,-1.4199504755567223,-0.10272155493484582
6.0,-0.10298020132911928,-0.10408909498125783
36.0,0.5642772173902011,-1.4758646206859896
86.0,0.4232251578184586,-0.4521893114145366
47.0,-0.3066086557820371,0.2471108840567251
59.0,0.283082394501388,0.27812578047807857
34.0,1.5395495470032554,-0.7704136090961631
48.0,0.05435620124375566,-0.5320795491466185
93.0,-2.6689980779665006,1.270865704650704
46.0,0.766782670136195,0.6932774600469955
25.0,-0.2935300102598332,-0.6277166020179126
92.0,0.643072194121652,0.31251414643228154
16.0,0.9354246244064107,0.10846252914823339
63.0,0.6492181179326774,3.16314351449226
77.0,-1.6044101672616142,-0.2698662916865797
96.0,1.1870750877660345,-0.8704884514997886
34.0,-0.04129567831118212,1.1473556512674834
76.0,-0.9041793388948378,0.09199427436904127
42.0,0.24023091577002417,2.2364591175622963
64.0,0.5024755926782427,-0.9453796794907411
61.0,-0.7353028221741541,0.416812778995083
53.0,-0.6389834750945074,-0.6120316569282582
99.0,0.8243827425807061,0.18408839803971688
88.0,-0.23078600676451788,-0.7427648918129744
89.0,0.014764301339282186,-0.5909276884283701
51.0,-0.4829574699278919,-0.34931315255281137
0.0,-0.27577309537407474,-0.05915089639864864
25.0,-0.3225674211909659,-1.2349393047795696
4.0,0.7122260238029547,-1.0445554064754687
18.0,-1.7433397368657177,-0.3626257138018409
54.0,-0.11865080253844956,0.6124544083884275
53.0,-1.5532311594755266,-1.5084614513156833
16.0,0.7780007021116081,-1.4801646498547405
83.0,-0.23350246402220154,-0.4684124067428417
61.0,-0.947825494065308,-0.45378114601078207
26.0,1.0901949294316435,0.23367164770860602
58.0,-0.17726431138191448,-0.34490852109850656
39.0,-1.1302104666482675,0.4255781733339729
20.0,1.0533324918840312,1.0091349627690709
40.0,0.1252288661929597,0.9446022784468978
87.0,-0.41189117330049285,-0.35278221336565857
8.0,0.8200944669446822,0.48348362737482115
84.0,2.4424849077149293,-0.8106306987565117
13.0,1.3114073712233982,-1.0469074902627324
98.0,0.847703675570102,-1.1921443601675437
11.0,1.1669989341876301,1.0804978519347943
80.0,-1.8919794046704324,-1.2435619900181065
80.0,-1.9661455936047434,-0.12835333231678925
83.0,0.495599661121534,-0.5252171668247638
72.0,-1.1163757445087275,1.5803291038116796
42.0,0.12645445326798227,0.19370899262164146
78.0,-0.018929204948002355,-1.4235332072197002
54.0,-0.09462120860677085,-1.678482826398672
58.0,-0.5401029574505529,-0.18823908516482152
8.0,-0.35265700654115323,-1.528648923974434
25.0,0.9724700130420904,-0.5362525195487337
36.0,0.19410794614339502,0.5016653321576868
53.0,0.17457636995114378,-1.6516866867167115
91.0,1.7902466307553009,-0.5297390839425216
42.0,0.78186899772751,0.7547195837086507
51.0,0.8292287019147513,-1.1640675299020908
91.0,-0.8179320835135957,2.141800372975481
75.0,0.16033191565096003,1.0455632566481965
37.0,-0.5917107862896589,0.0747200628327627
46.0,0.09847992836187938,-0.3727600916364749
9.0,-0.0703500852128233,0.06146732654043141
74.0,-0.37103389164572775,-0.6244107217625303
90.0,-0.5013558292586034,0.2103479512760873
47.0,-2.003740733627705,0.04250587751898053
34.0,-0.9197809449097255,-0.29282247157283103
57.0,1.014744600527269,1.061781497324332
17.0,0.8622523289310305,-0.9488389849626362
10.0,-0.45313086191979335,-0.5273621291725287
57.0,-0.1740899691772368,-0.8386849240724936
15.0,0.36704015998121686,1.7067005376528788
23.0,0.13655640386580953,0.25400827847313734
68.0,-0.4323439236430201,-1.0101274670269458
56.0,0.11829828565821116,-0.9537866124640682
65.0,0.9663725814335059,-0.5001126049569152
67.0,1.30495030642087,-2.2045051392503465
23.0,0.5553517399827607,0.4035686886652367
85.0,-2.2604341815586424,-0.10769728627088453
43.0,1.6479895698493041,1.3438192727123879
62.0,-0.9828786008827411,0.6835564157317754
43.0,-0.6491939137039605,0.23671480283501733
12.0,-1.9094581528087002,0.9816410572012235
48.0,0.004704126033505375,0.31210386331228157
69.0,0.26965295449232246,0.29312976644597044
19.0,1.8029253064281192,-0.8949499430046807
6.0,0.3434550441067816,-0.9800961745049511
20.0,-1.2449978908971098,1.0980012204995775
53.0,-1.009698357785561,0.6157378050292356
73.0,-0.8440822326743701,0.9295650207436947
66.0,0.06956123411328796,0.9535995835120252
19.0,0.18264907763565474,0.24232940397736383
90.0,-0.08749726523746278,0.7802206085177714
13.0,-0.5253216722390459,1.8315647293240738
86.0,-0.7517254933373111,1.1151350723450077
21.0,0.6052291248141799,-0.6508572934473069
42.0,2.11956542518033,-0.38521704057212514
56.0,-1.2823442668407146,0.7539235513472425
17.0,-1.4099050332215113,0.6663672608033688
89.0,0.5954702909650873,1.344842380678446
65.0,-1.4333456525112414,-0.029627337378886134
96.0,-0.7855510210674733,0.13769252778970853
13.0,0.5237709824423719,-1.0506161704239694
75.0,-0.21338058336812155,0.21254911984148978
60.0,-0.8822406020196645,1.3172154140936225
25.0,-0.3743442994844715,-2.3484830296516837
84.0,1.7354018275275238,-1.4414535346223993
71.0,0.22167056286235526,-1.0462688622032075
33.0,0.706592791174456,1.240496537179891
20.0,-1.8677252407697813,-1.6548694633033587
64.0,0.11072338380456948,-0.8277608487294468
38.0,0.005002280038418604,-0.37696021399051016
83.0,0.6301109322780443,1.991344964254702
86.0,1.2717682305216622,-1.7936130863736544
34.0,2.6659934664658023,0.1430632080697236
48.0,0.9086961609606975,0.5038810652813562
98.0,-1.1212761265020923,0.6032101518389384
87.0,-0.7929228321570095,0.9691236993026653
67.0,0.9969902343789786,-1.54063896431087
41.0,0.18831859930167683,0.28888201695214905
45.0,-0.22374960056750037,-0.3956167829502656
88.0,0.1716744141874789,-0.923791931600239
25.0,0.6955303955060229,-1.1182018348858571
62.0,-0.14284799504865336,1.1933635140664
37.0,0.02986544526945552,0.9110614768978266
47.0,0.019680063032749332,0.19409476399972267
56.0,-0.543113894842517,-0.23540118111948838
27.0,0.40588648346508904,-0.43828742163974244
38.0,-0.39202841486894136,0.3206311749670802
34.0,-0.6159909748785971,0.7693741136936615
32.0,0.19130048496622254,-1.3439869668448872
52.0,0.8644469436007087,-0.06141900953909306
84.0,-1.0346452709743923,-0.2831017018086785
11.0,0.38407648011336487,-0.21730141843235942
78.0,0.4856661249770996,1.0126435211331863
54.0,0.44433688542629196,0.5462398916601638
89.0,1.020509727369967,-0.0240728094941198
95.0,-0.0737645209644011,-0.3953732858917078
78.0,1.9129323516064771,0.29953123848515434
95.0,0.1262522354609004,-1.0365003903565158
40.0,-0.3603833080306597,0.608019869184372
90.0,-1.5179025460629028,-0.3340280840240483
58.0,0.031245178993942534,-1.3735867496991498
68.0,-0.2808691403841634,-0.8722185568681509
92.0,0.9997846725899509,-0.3918661838041623
11.0,1.0456892814449021,-0.10394475228163114
74.0,1.8304064755612217,-1.3961482271768382
85.0,-1.9479507284909596,0.29782172167942855
88.0,0.5103431378091181,0.8058869741972393
24.0,-1.155200082267473,1.0844350169685195
37.0,-1.2670218727303928,0.1886087146304192
48.0,1.583363329683838,0.6984770656393169
44.0,-0.3131826900000155,0.031361022815368934
49.0,-0.7031293139472969,-0.3281622132241015
48.0,0.12496201281012721,-0.875235280393933
47.0,2.215474057964349,-0.35406740709573936
64.0,-1.4167441201100033,1.506333427926786
18.0,0.5963318705396395,0.346398351759975
43.0,0.3023829558852493,0.48077961594868096
14.0,-0.02953808133597272,-0.04981262816841589
87.0,2.249613864761876,-0.18148938537702503
37.0,-0.4926889875701175,-1.4291517679192491
67.0,1.2268501771409055,-0.4481544323208143
79.0,0.21701611343597663,-0.6771431558708024
54.0,-0.37502922026981916,-0.23206891503071592
26.0,-0.12437187324961149,-0.9349209159504079
56.0,-1.1580611350860377,-0.4585139714126296
95.0,-0.3907520225947144,0.7693902105582089
1.0,-1.3742223847728794,-0.0483158105783027
38.0,-1.1302594101311843,-0.8264447596048031
89.0,-2.2954611566424674,-0.4715365229542903
61.0,0.5552752375836745,1.1087704217843766
22.0,-0.33763309854538887,-0.8547798703524225
11.0,-0.6540387104069076,-1.1310333040850582
20.0,-0.8656271147774962,1.2332052355299354
33.0,1.7189413615636702,-1.139241732362977
49.0,-0.5947741422034856,-0.002486078170130916
15.0,-0.8938780960583349,-0.8423491346293571
53.0,-0.4481905190932342,1.5203714940321014
58.0,-0.5618461534730641,-0.023718090804976975
64.0,-0.8053535318954845,0.24765271667971278
55.0,0.8570154824218376,1.6721875280728216
73.0,0.7210319551471768,1.4649863573342177
7.0,0.675066030198281,-0.557266070351114
33.0,0.8280309639151973,0.23032112994303788
57.0,-0.5944800047850172,-0.6601522105917786
61.0,-0.727949845428823,-0.47305016870775296
78.0,1.0122990268951761,-1.1514513908387027
65.0,0.7190698351432835,0.6402315936318459
55.0,0.024388957055002818,-1.147820864191888
68.0,-0.07625443413155704,-0.10734250192473348
7.0,1.802751213189515,-1.514346088383494
94.0,-0.8348894073986256,1.952920500956834
96.0,-1.1878715546767789,-1.487970349217293
33.0,1.7512387454339697,-1.6199552056573752
86.0,-0.8131335560320756,1.5768105264441845
88.0,0.4060464364142963,0.05471447055645595
42.0,-1.0067529554288357,1.159638418770167
90.0,-0.09733840873756754,-0.5355110217496513
54.0,0.8971112659036395,-1.4847575357685747
17.0,-1.8911441175134334,-0.2248526906452768
96.0,1.7622937366653557,0.03418156221170794
17.0,-1.081038994797761,1.7764283106220078
96.0,-1.7423231813473878,-0.790696909927332
46.0,1.706007471435945,-0.522506227411988
80.0,-0.21054561335906405,1.3469352932560374
11.0,0.322200317305253,0.27757505233325225
24.0,-0.06874742438792841,0.1323253612781915
20.0,-0.3969297684831179,-0.08426528695263374
96.0,0.27406523780202635,-0.4588244458364522
12.0,-0.5907563143058168,-2.0956779857624945
21.0,-0.6812884726400388,-1.1209891905750446
40.0,-0.384085078272317,1.3287035042820041
15.0,-1.4605883270901934,-1.8502492773180883
92.0,0.9360290335298298,-0.7911576459995875
27.0,-0.0674322780237474,-0.40172215159168434
91.0,0.09144389315233492,0.1912487531563203
91.0,1.0842403445661315,0.18612686877266693
65.0,0.5133136672012665,1.306976274349675
30.0,0.20612906884541304,1.593556585384074
48.0,-0.3230677578089799,-0.8578369188769972
82.0,-0.8736262276044688,1.638731964742483
66.0,-1.2309522424757668,0.9222038553626534
9.0,-0.8700617299376623,1.136062126116477
9.0,0.28754699069335443,-0.9113867980856333
25.0,0.8661840562524842,-0.29588051372581714
92.0,-1.4747891085984453,-0.22740511294902355
69.0,-0.6816868159637632,-0.7116859378524676
30.0,-0.22895566733968206,-1.490070562147988
82.0,0.5361635975388844,-1.2477709791524183
68.0,-0.3961120632571523,0.7331229479107548
22.0,0.9593847723830399,-0.5478528700316128
70.0,-1.0963072663478652,-0.9369782624602778
46.0,0.5796514707352758,-1.2061383097328309
44.0,-0.5566437418649496,-1.0285647820287365
88.0,-0.11388480633412391,-0.8062248158763148
24.0,-2.0135447786418417,-0.37124187373795453
73.0,1.9424069141150893,-0.32158660629628283
90.0,-1.2598533590748777,-0.07678720204682052
14.0,-1.729627773285093,1.2095506600941055
85.0,-1.0397078518171288,1.201263995293284
3.0,-0.044529005450315226,0.5877012251348833
86.0,0.14845348954661908,-0.6867118272699041
25.0,-1.2413621863093993,-0.503042395147263
63.0,0.8122950791381136,-0.27076262218568087
47.0,0.37102334972947076,-1.7559806583414768
93.0,0.5323559820000419,-0.16181608026163338
58.0,-0.5240787094831098,0.008034201274082728
99.0,-0.1804682808460426,0.38056933388835296
41.0,0.16025362652662023,-0.13122600581490174
29.0,-1.098115176790896,1.1881628294699973
4.0,-0.1945707397739358,0.3738420130554139
65.0,0.40059279430239597,1.2925019823990662
63.0,0.533336671898251,0.18826074340046664
39.0,-0.8720460740224901,-1.7618709595993234
51.0,2.240135021843588,-0.2840144810384291
91.0,-0.5449315020876159,0.32414048833642417
66.0,3.1253020874093624,0.01711150512917966
74.0,0.4446243640353033,0.048284220368537
44.0,-0.9022258270004626,-0.05121668887563742
24.0,-0.20675084182308665,1.2628651808182598
8.0,0.7528071125049356,0.7095961620526909
1.0,0.03704880012011755,0.5450794680789923
71.0,1.989057695803828,-0.3741466948547233
92.0,-1.3525660396784254,0.6434481053213691
74.0,-0.4092857936438036,-1.2943508476946264
43.0,0.45014353002327306,-0.20344016792317152
20.0,0.6912467364430616,0.332844263240525
60.0,0.38317611946904695,0.2164528656488449
65.0,1.4256783503495367,-0.9925474842919683
99.0,0.4493664897376897,-1.2136818230447108
54.0,-0.6198682513923154,0.30760871775857995
19.0,-1.1547388667756069,1.442325821161692
10.0,-0.39336229990287946,-0.45523573182065497
14.0,-1.151883306622518,0.3865798907132221
29.0,1.1272429533785453,-0.5255792742364307
14.0,-0.29858283406378655,0.07086505555348663
17.0,0.2418200267518777,0.03285733512450353
74.0,-0.9893162230652554,-3.0947757750599787
81.0,-1.113072379619159,0.18231503023694953
88.0,-0.7390106444848299,0.21748535293692584
61.0,0.4538451696269773,-0.4483845878129627
25.0,-0.9614629331493474,2.4185182450113127
99.0,1.2541068291251016,1.4437112215748709
58.0,0.25683532214866805,-0.8136071457816979
35.0,-0.7458319139340844,0.24961857040125504
35.0,0.8426157117351287,-0.6209304497125036
56.0,-0.17595900634663608,-1.3259179235226957
96.0,0.3345045800449894,0.9655927991394402
64.0,0.23806180708167235,0.43545093873100943
62.0,0.610514725226979,1.2643811329794823
12.0,1.5508299845519085,0.17819168650662584
86.0,0.17944515391048332,0.8569004977781537
34.0,-0.7271568080618959,-0.1267079055628215
38.0,-1.6373771592850284,-0.808919038148516
80.0,0.2043491377953754,-0.25516442184627625
79.0,-1.0732274324011706,-0.8656305052998688
2.0,1.2880600685045989,0.6682436031620658
96.0,-0.44794342894330375,0.10968943054214181
27.0,-1.9147072469648019,-1.1186132281785575
30.0,-0.5683670390923148,0.3094710663059809
55.0,0.872203601627893,-1.6098154050524003
38.0,-0.9208061990050687,0.1804362115129161
92.0,0.20455761594848434,0.24548808496363478
88.0,-0.298124621823594,0.010049915241746093
58.0,0.6644789444354002,-0.47568322657346757
6.0,-0.5541983788138642,-1.71354286457771
26.0,-0.8871804964460834,-0.932651547563739
97.0,0.06550473635869163,-0.657884907310027
54.0,0.49516760323086195,0.5032723018998004
12.0,-0.5859836050665524,-0.8545162565036099
2.0,-0.5446414452388937,-0.9909691453682467
14.0,0.106292102824713,1.572244890133336
16.0,-1.2283153936236164,0.35633094495928036
70.0,0.034722177098638916,0.3065230452530248
58.0,-0.3685228278581491,2.1627241557715373
60.0,-1.113049777287261,-2.0514426057294504
8.0,-0.7433031109758365,1.178380454673815
76.0,-1.5164448362453147,0.5400525727703972
67.0,-0.1873154331177543,0.6215124307256946
80.0,-0.8867444838794927,1.0880407839479511
99.0,-0.8221273452362224,1.8373547474856844
62.0,0.5377232339033173,1.6707261474585127
90.0,0.8252033732133753,-0.13772343814704183
14.0,0.29052174846614,-0.8555603233983494
84.0,0.6687773558800507,-0.6581948892486617
63.0,-0.05923499931155957,-1.833527253137492
16.0,-1.0453638906635618,-0.05130757808646177
77.0,0.33416264127302725,-1.174746228503415
20.0,-1.1390900548188776,-1.1125396548343662
79.0,1.4042070153199866,-2.5433287899831667
93.0,-1.0979105769377513,-0.18305718938105803
94.0,-0.14147963819697443,-0.18501092378386796
57.0,1.6884535046591966,-1.1071845654237458
73.0,1.4246035472336747,0.5744113818620755
5.0,0.3390612643163898,1.0031068038022706
72.0,0.708582129029066,1.1648378200138687
31.0,-1.3369820084482866,0.49158735834253015
80.0,0.19684840830835845,0.9278908138704879
28.0,0.3673665817274254,-0.03135386822618308
55.0,-0.7247318324726965,1.6925752889656935
80.0,0.37797398839397756,0.6694138147912552
83.0,-0.5614366734867301,0.2079875309008328
99.0,-0.11490057905062696,-0.5552122560314786
40.0,0.5726190255421841,-0.9200911615417722
15.0,2.1452412205938316,0.9746491532604894
56.0,-0.5626587075962286,0.0680195123353041
22.0,0.25093691592428086,1.144205802535502
96.0,-0.1949481248925814,-0.9523842470423896
65.0,0.0853601169943702,-1.288394652686048
44.0,-0.7307907493017055,-0.08135593503605633
90.0,-0.16451982486124303,-1.4251902878283333
33.0,1.6451130378497398,0.2982095991740254
15.0,0.9213441872764273,0.7504465402942034
6.0,0.6240468326805934,1.1669608680388466
1.0,0.017692404806572668,-0.9271751570465367
0.0,-1.5689730803977557,-0.03095099037579746
71.0,-0.449835578136799,0.865427829892272
64.0,-1.4142946453266483,0.8999611490954789
99.0,-0.4796738363023563,1.403427865829192
62.0,0.6941133502941257,-0.10090279810723346
79.0,0.7995980839930902,-1.05816442902069
70.0,0.5753974409283611,0.6299480984248045
42.0,-0.7415520821522004,0.16947199546016992
27.0,-0.5886909367398565,1.8957934484478867
78.0,-1.0799149705252518,0.6498776133544123
47.0,-0.37477938131066013,0.4364394677563637
6.0,0.815087283803053,0.7153838578053356
83.0,0.1184675462521631,0.22790044542850008
6.0,-1.6843393738233583,-0.12890197618048568
16.0,-0.2148869587593703,1.6749496702548576
31.0,-0.25336076679563624,-1.8375485951079107
30.0,3.0405935067684386,0.5858115063893533
18.0,0.41793565079871836,0.18520560323586743
8.0,0.3351505190379739,-1.005500787688176
66.0,0.6510208665588848,0.8123493526248253
67.0,-1.5742333151601247,0.3710199585749839
96.0,-0.8255646359603889,-0.3449941772915735
93.0,0.7160002270984078,-1.664237218488051
90.0,0.06263170100210584,1.4598390440026436
12.0,1.3131399946948603,0.6757862226969897
12.0,0.8718590951089411,0.3697089047819934
42.0,-1.338025914211347,0.149753683626345
6.0,1.811189792003635,1.7564990823043634
55.0,-0.5727794626346638,-0.8941573941937163
24.0,-1.2387930954249935,-0.6194152934336048
6.0,0.3132591196534099,0.3284275175147973
89.0,-1.442418677827351,0.3247572770269464
65.0,-1.2119864628237256,0.23691995536465393
49.0,1.4664289417026704,-1.060789744341487
85.0,-0.3765187857003233,0.44074180768133964
28.0,-1.1364301584947587,1.2373551503110487
65.0,-0.7491233373939696,-1.4193753501732147
27.0,0.30622688147087174,0.3207070643956515
42.0,0.3233482502339067,0.6034365463963239
12.0,-1.0987817724171127,0.5775530208319872
17.0,-1.3785177636475952,-2.118608439587998
19.0,0.7757190228890629,1.033876673366683
45.0,1.4686442908501869,-0.6140878498145469
5.0,-1.3468843853244823,1.4034445713721913
12.0,-1.667026928436518,-2.3295976920646493
12.0,-0.9224413162477384,-1.9948588853355755
17.0,2.2833461266209163,-0.6435125178450994
14.0,-2.26411733327179,-2.1825639940227686
18.0,-0.6318425025517751,1.3845917544955753
35.0,1.0689670651757868,-0.7991519322719839
35.0,-0.9967050067913387,-1.0137787492981596
47.0,0.3675691410244162,-1.0453144487652204
33.0,1.0164598206336444,1.1468778815325786
85.0,0.5239904435531121,-0.29286368047511663
30.0,-0.17278973459286703,-0.7175925197548775
37.0,0.8995855089724087,0.05919147781702811
6.0,0.1350199341747393,-0.20119442479668292
17.0,1.3169973494770233,-1.3341332811659505
95.0,1.2194603126486672,-0.2873776015777148
31.0,0.3923882939649095,-1.6856197937484403
71.0,0.25337260051926613,0.7684863911928786
61.0,-0.3016841996731026,-0.910505209947444
81.0,-0.46254618493485045,0.999901760518836
27.0,-0.955476243805554,-0.4512382548115708
0.0,-1.5147368302324413,-1.414694636814218
93.0,-1.2428232786346365,1.4206589924317692
99.0,2.085449540059709,2.2700158824412644
1.0,-0.5194452114362383,-0.9163345566103015
6.0,1.255676184859564,-2.3483679003732663
30.0,0.5533136475948834,-0.8512320788309753
22.0,0.45012931276947293,0.07736340320651788
16.0,2.0191092368961328,-2.2079967432636627
30.0,-0.6066278155103918,0.10605536611126677
54.0,-0.084703442405435,-0.8298959862556224
57.0,1.0699221677047142,-1.0262518640865514
35.0,-0.09252875454871755,1.4120059411982138
83.0,2.748191153693981,0.29921175279395534
90.0,-2.261707230747287,1.4478428129961438
28.0,-0.8368055244516414,0.03806897987792884
52.0,0.836293801120911,-1.3501051156705168
90.0,-1.807505906256396,1.5371490534368388
59.0,0.12368427867331216,0.7441932559311962
38.0,-0.005288445014065961,1.8047997474681643
19.0,-0.4152443298164759,-0.3797360051829884
47.0,1.222307381223566,0.662167400425398
35.0,-2.1232078798927985,-2.0437523499147985
78.0,-0.6216428835869032,-0.18345859436245796
11.0,-1.221521072782699,0.029581023009256975
78.0,-0.2771972039393061,1.2372159571726595
69.0,-0.6412480113719169,-1.837866784288689
88.0,0.6779727182109189,0.7630954593265509
46.0,0.24727664875680944,-1.547614072562228
41.0,1.6406457772450374,-1.080565982463093
30.0,0.8170101878754106,-0.06973491811830697
13.0,1.1219234187436677,1.0493420644451708
52.0,-1.5019559058744802,0.2305752347666219
30.0,1.0723267208306773,-0.3294179270873209
36.0,-1.3006224586220656,0.06639122118670852
48.0,2.067775654256127,-1.0607444971032824
7.0,0.8624527889198617,-0.9031904271677906
74.0,0.6894758808100486,-0.7858336549787521
8.0,-1.0520950328731489,1.3181187671315404
92.0,0.554517094108199,0.5588911004457895
5.0,0.25062529245691917,0.41845145654633165
7.0,-0.40548073843148347,-1.2259855323808684
48.0,-0.24563514317081775,0.6932014729315863
10.0,-0.2594198158388398,-0.29827788049972165
17.0,0.2778591367548048,0.25077568001133854
93.0,0.08915032430668715,0.014426460569288957
90.0,0.5771222147383018,-1.225540910250283
5.0,0.23174911927955327,-0.7758386505492024
90.0,-0.09039345354455812,1.625563451383606
2.0,-1.9389410828045617,1.55881319681083
99.0,0.5332397907875455,-0.27932550730513755
7.0,0.12858032387148216,-0.029749332957887228
46.0,-0.9957327358451349,1.2830205194630335
13.0,-1.0721037305178986,-0.8341814832397052
22.0,1.4222005488562885,0.45640154420706636
7.0,0.20120188015022827,-0.08599916929081816
38.0,2.1086853366518787,1.3885159267926837
59.0,-0.8729566354322731,1.1081752868776622
37.0,-0.19680396112403928,0.819501971428008
95.0,1.4148234192429496,0.803547091631923
12.0,-0.753351199801699,1.1355891858960105
97.0,1.081500437726477,0.902120898924445
17.0,-0.16215065158297318,-1.492417810608614
34.0,-0.3985040338791637,-0.7766543421627553
58.0,-0.5481251289102846,0.8423682391558568
15.0,-1.0222861754866852,0.09731413979429172
7.0,1.0091636862500921,-0.05665127173434512
33.0,-0.12133704723720708,-0.37975299976270843
52.0,1.3053537634852852,1.173595604738078
86.0,-1.1190505919641716,-1.5919425395777431
18.0,1.3516731510690263,0.39186985348516395
4.0,0.704997590713141,-0.23249196920987614
23.0,-0.19338806471720985,-0.055603702065446396
29.0,0.028463494788297437,-0.6534971870747944
28.0,0.01289517898814947,0.538497064166825
72.0,-0.5056081571090326,-0.140231631149996
93.0,-1.7751937511685971,-0.03227938440053761
17.0,0.2334004891125374,-0.6968482347066589
53.0,-1.9246812303684104,0.95931803012531
58.0,1.8905115296522825,0.51351797218616
57.0,1.9142494685656721,-0.47798873842847267
92.0,-0.14690792122519056,-1.2656925298509527
26.0,-0.5548675595147542,0.6394632177000814
63.0,0.6460271522029079,0.9551109749976998
24.0,-0.2576386664761378,-0.7379374261606166
48.0,-1.3330032625362533,1.0221795541948646
36.0,-1.5032200799878814,-0.6798365106129279
43.0,0.7938628024885732,-0.33174026413141045
13.0,0.6644827603924142,-0.5066321625338254
46.0,0.07840628781111154,1.328377943702416
20.0,-0.037527093787327194,1.1706272657806729
67.0,-0.17288435019572138,0.9028270559333851
41.0,0.1568272308804277,-0.3136617384461203
9.0,1.4464436114147752,0.8522262965425887
22.0,0.576501503014423,-0.9715797911702538
81.0,0.0814691065632683,0.2796966541863812
45.0,0.8152792800813174,1.2136816709346725
24.0,-1.8756760524688827,-0.13057514504546627
41.0,-0.30330153284895306,2.271874003241875
17.0,0.3501623395538325,-0.6415669736616273
68.0,-1.2798098304708525,0.4266282535932631
21.0,-0.4145535688907668,-0.5318684137838903
84.0,0.5453921864733356,-1.1817071817595408
98.0,0.4056705268094153,-0.4893837970686689
65.0,1.3279288470512105,-1.4219480087050147
83.0,-0.3471572764408157,-0.336779756380577
28.0,-0.34823053869085324,-1.163439819102641
14.0,-1.4826425969405417,-1.7872648569510228
50.0,-0.7814791909658294,0.39304660458713225
16.0,-0.8904787621566587,-1.6269236990723226
52.0,0.41704495029601735,-0.7097716111754461
8.0,-1.0501057407442833,-1.0715531389866337
53.0,-1.3102010867251546,1.5728888419626839
68.0,-0.17386368033045504,-1.490877988438644
84.0,-0.25804851620593605,0.3205889163990479
49.0,0.03835733980430728,-1.0834491629008862
88.0,-0.14736893345463914,1.4088422819776618
88.0,-0.06521051772460029,1.7389687893288301
78.0,1.19509314317127,-0.035218830963700806
1.0,-1.2351268535280235,-1.9542083830251264
4.0,-0.2917975796459961,-1.0000015371659645
19.0,-0.6341365092388984,0.8084007756826133
58.0,-1.421607141264973,0.06251766483674222
6.0,0.5908690399162785,-0.5155417892997377
79.0,-0.40666689860269595,1.1854631114822152
46.0,1.8142323302697008,1.1499828368374188
32.0,-1.5314703135316237,-0.8382835228866061
49.0,-1.5322925846257072,2.446511656492172
22.0,-0.8762294597173095,0.9474170727690711
68.0,-1.0592554490457127,-0.49325710770758957
60.0,0.8443843252466146,0.24345647482271393
19.0,1.0940364867913714,-0.6569488085804022
19.0,0.7810770749893279,-1.5134519975695735
7.0,-0.49836712132533606,-1.996948838733618
42.0,-0.3874576654567453,-0.1252899884728785
15.0,1.0995303173667337,-0.05855893020064175
62.0,0.8391903673856103,0.5080219876496271
71.0,-0.5036332413316292,2.1637199576236177
89.0,1.249954601108936,-0.550070678731767
40.0,-1.1724064385999455,-0.17758937203173553
37.0,0.021130925683180077,0.37876154002188095
17.0,-0.09692911918832818,0.2240726019228823
96.0,2.3631280474537832,2.2879898135196797
73.0,0.1680044926945906,0.24265289804815102
43.0,0.8581102823920056,-0.4785630732115425
62.0,1.7765146932491385,0.4713752384774215
64.0,-0.22723852943396355,0.5740402545543019
4.0,0.26150975112581676,-1.138482629146728
5.0,-1.641986093214429,1.1865957250423822
99.0,2.497142638172747,1.9429820319771305
84.0,0.7390979390382888,0.8416279501148963
96.0,0.4196529860557411,0.056880998519571506
34.0,-1.1257274834377224,2.0461718840215886
89.0,0.08179204361773072,0.7807126950492007
16.0,-0.5743738490897455,-0.9566114549075782
25.0,-1.0350271299042213,0.3191446935320243
17.0,-0.5374869313328412,-1.8278027306719542
8.0,-0.34039164865151994,-0.36678363972641365
68.0,-1.7157055216237989,1.1389534412852254
80.0,-1.8136345961219074,-2.2137199279086635
60.0,1.4021024571023302,1.213477271578424
82.0,1.6955087074795991,0.15484205611603297
60.0,-0.28307125484879514,0.6894355084016526
77.0,0.4316519724596107,-1.1212655548968737
44.0,-0.5628374051501649,0.5059974711397724
77.0,-1.0443250287732275,0.7851645598455292
9.0,-0.48789568867573835,-1.5020720539138461
66.0,0.42334478985337004,0.29473104543160944
31.0,1.4921508595764617,-2.1356846172420245
21.0,-1.8391407034362284,-0.6253150199263512
30.0,0.712876140015866,-1.3642246455648086
37.0,0.12702920544960297,0.7012260485129495
76.0,-0.10596138235487561,-1.2187592444380466
24.0,0.6342585380323164,-1.9036920373694795
29.0,1.7880686811167046,0.7663324310076025
35.0,0.09437241920050148,1.5439301831109788
61.0,0.9265273238799392,-1.3779969447983074
54.0,0.8707870402447785,1.2320552900529054
6.0,1.2424020206241992,0.12600553028394318
17.0,0.03499332752507441,-0.1107424521559372
90.0,-0.1521717887695248,-0.3295244314355657
20.0,-0.5874513180583384,0.5808965619838109
28.0,-0.8571388112127718,-0.033395718416123175
89.0,0.05045846274028645,0.2516576644264031
80.0,-0.0684238191819129,-0.5606494725264813
41.0,-2.159040844289211,-0.2765868341371653
5.0,0.8644602921469102,-1.74801938948298
21.0,-2.011182988428021,-1.0696270865696273
46.0,0.5832707390440052,0.49562621312542116
95.0,0.20037865743070168,-0.45043948353775737
65.0,-1.5452377888801352,0.695641696030928
6.0,0.1724330495760666,0.63325379829502
10.0,-0.11563446949066014,0.6061174392179014
49.0,0.09744909504732678,-0.39974085834199824
16.0,-0.1943594016073563,-0.10382694399455851
1.0,0.30931388470018756,-1.3918199513175953
49.0,0.9035397303988101,-1.3357446749032393
53.0,-1.057293427059782,0.5702084865009767
53.0,-0.4325005172418309,-0.9164280398514952
17.0,1.3605594792060014,0.8385771689369849
27.0,0.46531191908715686,-1.6256030784084907
51.0,0.601505150924821,-1.0257646298891374
30.0,0.7958802186458476,0.12691936679167215
17.0,-0.09797481244889901,-0.08107780504723798
15.0,0.4750646016488953,-1.0676376702248986
48.0,0.6048947064708793,0.09318480760610552
72.0,-2.76672589014226,-0.20463047270759904
74.0,-1.7877559133160372,0.34175308198858245
41.0,-1.6990198525202604,-1.9000878431263168
92.0,-0.9085620147360108,-0.35233080308738096
29.0,0.13187608119496627,-0.27126723196464114
67.0,0.34874936090039416,-1.8016527103435809
31.0,-1.0909887113169212,-0.1754341116082496
8.0,-0.8194134641392592,-0.8696159448980895
66.0,0.637591074167902,-0.39716242674350644
84.0,-1.6885279942545381,-0.20747175832997744
15.0,0.7373302508801081,-0.5818993637674117
53.0,-2.0743747637057894,1.3083947471893975
7.0,0.7165126238086602,0.6938699445240754
35.0,-0.6942816752122649,1.4725230630029402
75.0,-0.5733872341204396,-0.7316062727922992
81.0,0.23345684032911143,-0.1130879378673602
11.0,0.02421662270706804,0.07539763079522238
62.0,-0.7020811408825556,0.22161760318208137
92.0,-0.2019939369039837,-0.811152804092901
96.0,-0.1576717969812409,-0.36202975019176775
0.0,-1.1879838814111943,-0.6420742747730628
64.0,1.2744473053586005,-0.7657697966789844
89.0,-0.41859176514487245,0.3676030020981802
98.0,-1.8224103175258268,0.7836513985848513
37.0,-0.09285676782958788,0.24529158406464535
55.0,0.15795766576491663,-0.36135390530813294
93.0,-0.18027771202744153,-0.4865169545757735
90.0,-0.42273524735753537,-1.2518106286823667
9.0,0.28366608093637313,1.3742823736327594
86.0,1.7013764550901884,2.172714695464137
48.0,-0.5887756433900314,-1.3334456694067829
57.0,1.9255719646952403,0.3199992551719195
88.0,-0.8506094999757116,0.47286563418621064
80.0,-0.19535398029896114,0.4439232065596339
48.0,0.2256542851468193,0.9589749054926373
93.0,-0.469749975628828,-2.0121137151144883
20.0,0.21333778689558003,-1.0931591359529784
94.0,0.49680793903448406,0.3627282188598593
12.0,-1.3684193958055129,-1.8762903735700438
45.0,-0.6616177806335651,0.04957172427194171
7.0,-0.463404506020177,1.5370503404721678
87.0,1.9993326126430733,-1.8328665204172203
82.0,0.4337980609411316,1.0835295388872224
82.0,0.1368229028692925,0.5777483557059081
36.0,0.10094981718704044,2.0346827371197147
59.0,-2.477244441060891,-0.3255805959842435
91.0,1.4127812712442727,0.08426782461237908
31.0,1.8921663633811114,-0.9241653232777933
14.0,0.4784962605147628,-1.852362200063446
96.0,0.42253091307784935,-0.5117861336895166
37.0,-0.3628085886120984,-1.316950021174723
29.0,1.2757379781646032,-0.6572242064575993
4.0,-1.6585699314123716,-0.20762469996737884
99.0,-0.2540912432290821,0.1203339597535187
69.0,-1.3389454232046714,-0.08755767445295413
57.0,0.07290575829475533,0.7375631336071572
34.0,-0.6920386695897771,-1.4113610570214654
35.0,-1.6739787303917328,-0.5460194361009691
82.0,-1.0070142121338759,0.370203056655428
98.0,-1.7363148045389545,-0.9075578085114785
62.0,1.099729981684354,-0.7643559427645652
13.0,-1.1091653577160256,-0.343605935051798
54.0,-0.24634873338567415,1.4533304500361903
55.0,0.4293007677473998,0.44726922530294627
53.0,0.6188124691264811,0.05871061826615249
13.0,1.1593726237650142,-1.2613456426316967
3.0,-2.452107976782709,1.4232093607308893
17.0,0.482301669089133,-0.9453662575201689
43.0,1.0382603221713451,-0.10598646982744715
44.0,0.21053576975012475,0.32586753994797873
21.0,0.6573203150946086,1.3498147644315845
38.0,-0.9708596873597906,-2.0162071914636717
5.0,-0.8702165887508059,-0.4290941958349946
37.0,2.4613834084340755,0.7790407395478371
43.0,-0.7473416056216499,0.3461971196966635
62.0,0.24225272954991897,2.056319542547521
58.0,-1.2805426016324974,-1.0898698192615865
70.0,-0.28312661043586107,-1.0337271494152127
90.0,1.1795252439544044,0.5738543229468547
26.0,0.10031966913860635,-0.8384677330844896
23.0,-2.358334856380944,-1.599097486578441
57.0,-1.5100536978203576,0.6057675250276287
92.0,-0.3018755173736086,0.45342788219804386
21.0,-1.3632880579620452,1.1544947984896488
80.0,1.8749169921442879,0.47603754009930066
31.0,-0.5366541610166804,1.678778825300215
41.0,0.2564276310269671,0.1889377949779684
94.0,1.140431318278891,-1.0092892252339705
93.0,1.94636133081169,-0.6589855281071032
1.0,-0.980590093698397,-0.8738942333910625
79.0,2.6479760636281515,0.49345148491553653
85.0,-1.3954006405009796,-1.4890271945849471
86.0,1.8734257694346634,1.2435471797955506
29.0,0.6593103483482877,1.6462702819326496
25.0,-1.4277998018352782,1.4989465286223147
80.0,-0.008997562129379416,-0.23245152416912954
28.0,1.9308254218684138,-0.8771869355986277
27.0,-0.028797835848868285,-1.2287030655347884
85.0,-1.3020056341240218,-1.4346718305388648
7.0,-0.1699095119539545,0.004746080462450544
85.0,-1.4928851345335792,1.0220297103290432
24.0,-1.2214068782937089,0.12476437128286655
3.0,-1.9570295588869064,1.6246268718348917
73.0,-0.32581971889511935,0.7296855390403808
84.0,0.9648274513781767,-0.46472693487602895
21.0,2.248119536244818,0.5798645285738039
53.0,-0.8788937437163741,-0.751029439128558
0.0,-1.354419870579599,-1.7919345868592906
99.0,-0.691746913673221,-0.05666552836039212
99.0,-1.114488078518672,-1.291631356868799
97.0,-1.671432778893841,0.6837791633627598
19.0,1.0158636937290118,-0.5350595481602352
83.0,-0.613854856667143,1.9150354071492188
12.0,-0.048058978860990864,0.6020483556080768
83.0,0.017323046130743994,1.6709766312390235
1.0,-0.7437106163767847,-1.4408608379778736
65.0,0.08554776322343502,0.1809081043592914
41.0,0.07701429330861975,0.9416300376048142
38.0,1.0602896713013652,-0.4541148001932574
98.0,1.4654557116286617,0.21689694119549707
75.0,-0.6040960505727037,-1.2582827502928198
3.0,-1.5136559555433446,-0.04585145778781045
7.0,-0.3957853340254578,0.7068744197276123
90.0,0.26276922323864876,-0.5108137987575584
22.0,1.5687973509273276,-0.5551893632188706
73.0,2.2485208194772612,-0.325926639971554
80.0,-1.1941640682489907,1.1847774644349032
30.0,-0.4199442336546881,0.13606051429712973
69.0,-0.7201178469735062,-0.6627078192075976
71.0,1.070022499759537,-1.6530983046509795
79.0,-0.09359362144455143,0.4933248439779464
91.0,0.46309430136277113,-1.118357027698671
45.0,0.8987538915331629,1.2994917542928563
94.0,0.05312964062864858,0.029883375418833517
55.0,0.6383133432827043,1.395365855844753
79.0,-0.29663221377826643,-1.2201419168041268
82.0,-1.2630637381418945,0.17748364202537134
52.0,0.5797112811268518,-2.5901306860529067
48.0,-0.017024422244735802,0.7748898145589389
8.0,0.8482209584735649,0.12112687895112774
96.0,1.3460815024261497,0.8771948534346612
29.0,0.8119344805103998,-0.029581535033779322
98.0,0.29660123414425166,-0.5438944703273371
48.0,1.3651599074353933,0.7387363125635991
86.0,-1.0062092081770238,0.30393880211563645
45.0,-1.584044301183022,-1.1738773112436356
50.0,3.1411939119059786,1.345398936976594
7.0,-0.28555027933895516,-0.7150573916140992
28.0,1.9134060172221707,0.07908658772981424
4.0,-1.1792380644280425,1.1012294220071768
33.0,0.35447435710917863,-1.1338217763573983
41.0,-1.4308493721474458,0.9705770495624575
71.0,-0.7507889355861512,-0.6913045770057918
17.0,-0.5342716931535887,-0.3340337481012647
15.0,0.3488289038876364,-0.3122848457553775
44.0,2.467481653061807,-0.7227989296856694
76.0,1.6159772890189623,0.6194996699880159
72.0,0.5065867951866023,-0.6383638564762144
48.0,1.5552904327133141,-0.5183582725333903
97.0,-0.20967867020029193,-0.13445944326960962
76.0,-0.09895617620364378,1.0325551009664078
43.0,0.7440964184002518,-0.300288837508821
20.0,1.591537007152022,0.8180969501094414
1.0,0.4180912931114241,-0.9713949146524777
69.0,-1.5324005786092731,-0.8920689227819601
2.0,1.6432277044554924,1.3921201418362572
4.0,-1.156460355590344,-1.8796954099135834
80.0,-1.0785025557833603,0.5004200768882168
98.0,0.6800058305167732,1.2379002948410267
92.0,0.5688004556425287,1.072575439613139
26.0,0.549778967335383,1.7150660878393542
32.0,0.15944964257509378,1.3716455593911587
3.0,-0.04129695587255931,-0.6511731255300817
20.0,-0.35583718217593535,-0.3465535876850607
23.0,0.7179120024547526,0.13659546158948493
66.0,-1.0424788152605937,-0.4076033314095245
23.0,-0.5952331157374023,1.0651165655883743
44.0,-1.1156923704716473,-0.5069746080025727
77.0,0.04916237026000952,0.15894960867814614
54.0,-0.48361838643309474,0.5129891437011044
55.0,-1.2983615292512811,-1.3033241775724032
75.0,-0.6904712604319964,-0.9943319851354013
54.0,0.8795853002913849,0.29590051066629586
7.0,0.3029269243512477,1.1453606022505192
85.0,-0.22829214822106797,1.5049761627018452
41.0,2.1995450340309617,0.4654526124195688
36.0,0.1950970198848259,0.2566803323603407
74.0,0.9645158188532018,0.36634585989384
6.0,0.13107056643311343,0.06060361221574003
44.0,0.3620199983245198,0.5057644916209987
90.0,0.02462334582408381,0.5296697065172349
73.0,-0.4826125801356189,1.1678821159409762
78.0,1.665766336756855,0.5862135262286676
57.0,0.4420087679081775,0.40293660980337975
95.0,0.9159044182474972,1.982878209885141
59.0,1.6089399025164997,0.8098067510640604
67.0,0.8150729294121554,0.41350004540013113
46.0,0.7362688734956245,-0.18252215070682815
82.0,0.5377340197187529,0.5324723508323875
26.0,-0.9192591546613013,-0.37721516346789885
61.0,-0.356460147107075,2.414026542735153
46.0,0.7030629729671638,2.664694471282391
82.0,-0.6361195795391092,1.4296826671943121
25.0,-0.6155385687711902,1.5790360520656832
93.0,0.00817300369640355,-0.5612915048919112
22.0,-1.6723793742931838,-1.007717905387082
31.0,-0.22422164097985808,-1.3041810525419393
33.0,1.201493734221241,2.1102796666081356
98.0,-1.5475378519755205,0.6173898353041937
18.0,1.3672368627046556,-0.8272959460267013
51.0,-0.8983918476869437,-0.7435356587905193
19.0,1.272958395375341,-0.8841767730480352
99.0,1.56991449775131,-0.7260939583294244
33.0,-0.1211290060023015,0.6172724752384602
37.0,1.5996883587836974,0.59239377070607
82.0,0.5753917677052286,0.8190763009816311
18.0,-0.2087470409188286,-0.5577553915938399
23.0,0.5426632788368678,1.2985509674190236
16.0,1.8825196008576366,-1.089777005557097
60.0,0.4862013302833129,0.0926898764808831
63.0,0.3954560542389897,0.31061925646885685
81.0,0.6421279131796813,0.34068549674825843
92.0,0.09203605301562831,0.28382967827537026
10.0,1.5505551215767506,-0.2318234193738122
71.0,0.02671665762456429,-1.3808012928977391
38.0,-0.09393656558328915,-3.044405246512903
26.0,1.3899863137692323,-0.5852589928270573
10.0,1.5429820753430346,-0.2187890129479159
22.0,1.1656061781815847,0.9344206920005468
21.0,0.8344886626031368,1.2432325358333618
20.0,-2.0744902524208815,-0.6841367339133959
42.0,1.7378757728234275,-1.7878077583288379
6.0,-0.7278010596239747,0.4691584023197745
79.0,0.5524991240904017,0.3171206139771906
59.0,0.7772733311853014,0.9740592153588995
18.0,0.5031099413527288,-0.2188018561913559
42.0,-0.48299677301331445,-0.032115127381233996
99.0,0.5454213068833519,-1.2861288790919443
97.0,0.7495959097293694,0.6923206591419813
11.0,2.009230469371874,-0.14693277083596815
99.0,0.11032074026593344,-0.6605255895519196
53.0,0.39256228751828254,1.7408012324088293
58.0,0.6405095672838608,0.12343104926986694
88.0,1.7965279760901773,0.14217646475737838
69.0,0.277453182028911,1.1757720777270084
83.0,0.7032811981526887,0.43443588681483397
4.0,0.6004031684279605,1.4795385756543322
60.0,-0.004380179272646595,-1.1140004372066648
35.0,-0.4254827757452315,-2.492997806034164
94.0,0.604736629506558,0.5033062543150626
89.0,-0.14260022678261602,0.1336739811966932
63.0,2.215121761089475,-0.45670721975519746
81.0,-0.4730824425596108,-1.4048047316573233
9.0,-1.1365152129979854,-0.7742695144648459
67.0,-0.21837575758153313,-0.34105190424201803
64.0,1.0744357060290206,0.17954918643221565
0.0,-0.1660693298897278,1.0450817135338453
